Player,Nation,Pos,Age,90s,Cmp,Att,Cmp%,TotDist,PrgDist,Cmp,Att,Cmp%,Cmp,Att,Cmp%,Cmp,Att,Cmp%,Ast,xAG,xA,A-xAG,KP,1/3,PPA,CrsPA,PrgP,Team
0,William Saliba,fr FRA,DF,23-001,28.0,2064,2235,92.3,34755,12635,910,964,94.4,1046,1105,94.7,83,121,68.6,1,0.2,0.8,0.8,5,138,5,1,117,Arsenal
1,Declan Rice,eng ENG,MF,25-071,26.6,1676,1870,89.6,28518,7674,763,821,92.9,765,809,94.6,118,177,66.7,5,3.7,3.4,1.3,29,204,26,2,227,Arsenal
2,Bukayo Saka,eng ENG,FW,22-202,25.1,920,1220,75.4,13843,3481,549,618,88.8,282,371,76.0,68,149,45.6,8,8.2,9.2,-0.2,68,29,58,10,100,Arsenal
3,Martin Ødegaard,no NOR,MF,25-099,24.5,1275,1499,85.1,19337,5570,687,748,91.8,485,562,86.3,60,98,61.2,6,6.2,7.4,-0.2,73,121,82,8,241,Arsenal
4,Ben White,eng ENG,DF,26-169,23.7,1393,1648,84.5,21584,7206,746,816,91.4,559,642,87.1,66,136,48.5,4,2.3,2.9,1.7,22,128,32,8,136,Arsenal
5,Gabriel Dos Santos,br BRA,DF,26-097,24.2,1486,1670,89.0,25366,8380,634,669,94.8,748,810,92.3,89,152,58.6,0,0.7,0.6,-0.7,3,125,6,1,97,Arsenal
6,Gabriel Martinelli,br BRA,FW,22-281,19.4,650,832,78.1,9984,1826,372,430,86.5,222,274,81.0,41,77,53.2,4,5.2,4.5,-1.2,38,22,31,6,59,Arsenal
7,David Raya,es ESP,GK,28-192,22.0,547,719,76.1,12814,8810,163,163,100.0,274,276,99.3,109,275,39.6,0,0.0,0.0,0.0,0,21,0,0,2,Arsenal
8,Kai Havertz,de GER,"MF,FW",24-288,19.8,568,687,82.7,7294,1781,381,435,87.6,159,192,82.8,5,10,50.0,3,1.9,2.0,1.1,28,50,20,0,81,Arsenal
9,Oleksandr Zinchenko,ua UKR,DF,27-101,16.0,1173,1336,87.8,20081,5951,538,582,92.4,523,580,90.2,89,123,72.4,2,1.8,2.5,0.2,24,136,41,4,196,Arsenal
10,Gabriel Jesus,br BRA,FW,26-357,12.7,316,399,79.2,4254,736,199,236,84.3,90,110,81.8,10,15,66.7,3,2.6,2.1,0.4,23,14,15,1,36,Arsenal
11,Eddie Nketiah,eng ENG,FW,24-300,11.7,164,208,78.8,2271,259,96,116,82.8,58,68,85.3,3,4,75.0,2,0.8,0.7,1.2,9,7,5,0,19,Arsenal
12,Leandro Trossard,be BEL,"FW,MF",29-112,11.3,317,451,70.3,5053,1257,160,195,82.1,129,176,73.3,21,43,48.8,1,1.9,1.9,-0.9,16,16,20,4,53,Arsenal
13,Jakub Kiwior,pl POL,DF,24-039,8.8,468,553,84.6,7592,2674,245,277,88.4,187,214,87.4,31,50,62.0,3,0.8,0.5,2.2,5,41,6,3,48,Arsenal
14,Jorginho,it ITA,MF,32-096,8.1,598,668,89.5,9780,2862,303,319,95.0,247,273,90.5,37,49,75.5,1,0.9,1.5,0.1,8,69,19,1,87,Arsenal
15,Aaron Ramsdale,eng ENG,GK,25-316,6.0,131,188,69.7,3303,2420,38,38,100.0,61,62,98.4,32,86,37.2,0,0.0,0.0,0.0,0,4,0,0,2,Arsenal
16,Takehiro Tomiyasu,jp JPN,DF,25-141,7.0,397,478,83.1,6216,1599,204,227,89.9,168,194,86.6,18,39,46.2,1,0.2,0.4,0.8,2,41,7,1,58,Arsenal
17,Thomas Partey,gh GHA,"DF,MF",30-286,3.1,260,289,90.0,4187,1156,135,144,93.8,99,110,90.0,20,27,74.1,0,0.1,0.2,-0.1,3,29,8,2,34,Arsenal
18,Fabio Vieira,pt POR,"MF,FW",23-300,3.2,113,140,80.7,1875,360,61,68,89.7,42,51,82.4,9,17,52.9,2,1.4,0.8,0.6,4,12,4,1,13,Arsenal
19,Emile Smith Rowe,eng ENG,MF,23-241,2.6,126,143,88.1,1715,345,84,94,89.4,38,40,95.0,1,3,33.3,1,0.2,0.4,0.8,2,9,9,0,16,Arsenal
20,Jurriën Timber,nl NED,DF,22-282,0.5,44,49,89.8,654,152,21,22,95.5,23,26,88.5,0,0,,0,0.0,0.0,0.0,0,9,0,0,7,Arsenal
21,Reiss Nelson,eng ENG,"FW,MF",24-106,2.2,94,111,84.7,1327,243,58,61,95.1,26,31,83.9,6,12,50.0,0,0.6,0.4,-0.6,4,1,4,2,3,Arsenal
22,Cédric Soares,pt POR,DF,32-207,0.7,60,69,87.0,905,157,39,41,95.1,15,17,88.2,5,8,62.5,0,0.0,0.0,0.0,0,4,0,0,3,Arsenal
23,Mohamed Elneny,eg EGY,MF,31-258,0.3,39,40,97.5,624,147,18,19,94.7,21,21,100.0,0,0,,0,0.0,0.0,0.0,0,2,0,0,1,Arsenal
24,Ethan Nwaneri,eng ENG,FW,17-004,0.2,15,18,83.3,209,56,10,13,76.9,5,5,100.0,0,0,,0,0.0,0.0,0.0,1,1,2,0,2,Arsenal
25,Virgil van Dijk,nl NED,DF,32-261,25.3,1864,2051,90.9,35568,13608,704,754,93.4,959,1007,95.2,182,246,74.0,2,1.5,0.8,0.5,9,151,6,0,132,Liverpool
26,Luis Díaz,co COL,FW,27-072,20.4,603,730,82.6,9198,1948,345,385,89.6,185,221,83.7,46,58,79.3,3,2.9,2.6,0.1,34,42,28,2,75,Liverpool
27,Alexis Mac Allister,ar ARG,MF,25-092,20.1,1160,1341,86.5,18049,5182,596,654,91.1,455,499,91.2,66,112,58.9,4,2.0,3.1,2.0,27,103,19,1,132,Liverpool
28,Alisson,br BRA,GK,31-175,21.0,765,897,85.3,16907,10411,184,185,99.5,457,466,98.1,122,239,51.0,0,0.0,0.0,0.0,1,6,0,0,2,Liverpool
29,Dominik Szoboszlai,hu HUN,MF,23-152,19.2,1019,1231,82.8,16224,4036,549,611,89.9,354,412,85.9,78,133,58.6,2,4.3,3.9,-2.3,38,77,25,6,124,Liverpool
30,Mohamed Salah,eg EGY,FW,31-284,20.2,539,737,73.1,7913,2297,311,366,85.0,185,256,72.3,25,46,54.3,9,9.4,6.1,-0.4,50,40,46,5,105,Liverpool
31,Trent Alexander-Arnold,eng ENG,DF,25-170,18.0,1148,1534,74.8,22646,9291,495,538,92.0,445,567,78.5,190,385,49.4,4,5.5,4.6,-1.5,53,146,42,12,153,Liverpool
32,Darwin Núñez,uy URU,FW,24-275,17.5,275,390,70.5,3849,851,161,205,78.5,80,115,69.6,17,32,53.1,7,5.3,3.6,1.7,27,19,22,0,45,Liverpool
33,Joe Gomez,eng ENG,DF,26-307,16.1,886,1080,82.0,15369,4058,395,443,89.2,405,476,85.1,73,112,65.2,1,0.9,0.6,0.1,18,61,11,4,78,Liverpool
34,Ibrahima Konaté,fr FRA,DF,24-305,14.8,1048,1191,88.0,18583,7605,422,463,91.1,534,568,94.0,75,124,60.5,0,0.4,0.5,-0.4,8,115,8,0,101,Liverpool
35,Diogo Jota,pt POR,FW,27-112,11.6,270,368,73.4,3800,914,172,212,81.1,80,100,80.0,11,16,68.8,3,2.9,1.7,0.1,20,17,11,0,31,Liverpool
36,Cody Gakpo,nl NED,"FW,MF",24-323,12.9,265,350,75.7,3647,1085,162,194,83.5,83,120,69.2,11,14,78.6,3,0.7,0.7,2.3,13,29,18,0,54,Liverpool
37,Wataru Endo,jp JPN,MF,31-045,12.2,697,799,87.2,10969,3100,360,393,91.6,302,334,90.4,28,38,73.7,0,1.6,1.3,-1.6,12,73,15,2,59,Liverpool
38,Curtis Jones,eng ENG,MF,23-055,10.6,556,615,90.4,8090,1707,319,338,94.4,201,219,91.8,15,23,65.2,1,0.5,0.8,0.5,8,52,8,0,59,Liverpool
39,Andrew Robertson,sct SCO,DF,30-014,11.8,754,927,81.3,12846,4177,362,389,93.1,310,361,85.9,71,139,51.1,1,2.7,2.1,-1.7,35,59,12,7,69,Liverpool
40,Ryan Gravenberch,nl NED,MF,21-314,9.4,306,373,82.0,4162,1356,195,226,86.3,91,102,89.2,7,8,87.5,0,0.8,0.9,-0.8,11,29,19,0,61,Liverpool
41,Joël Matip,cm CMR,DF,32-230,8.7,494,564,87.6,8687,3066,198,216,91.7,257,287,89.5,33,47,70.2,0,0.1,0.1,-0.1,2,27,2,0,34,Liverpool
42,Kostas Tsimikas,gr GRE,DF,27-318,7.5,380,493,77.1,6563,1706,182,202,90.1,145,183,79.2,42,82,51.2,3,1.0,1.3,2.0,16,16,7,4,31,Liverpool
43,Caoimhín Kelleher,ie IRL,GK,25-123,7.0,247,322,76.7,5634,3690,76,76,100.0,121,123,98.4,50,120,41.7,0,0.0,0.0,0.0,0,7,0,0,1,Liverpool
44,Harvey Elliott,eng ENG,"MF,FW",20-356,9.3,474,575,82.4,7302,1702,268,296,90.5,162,188,86.2,30,56,53.6,2,2.4,2.7,-0.4,21,46,24,5,72,Liverpool
45,Jarell Quansah,eng ENG,DF,21-056,5.9,484,552,87.7,8769,2834,153,168,91.1,298,314,94.9,26,52,50.0,0,0.0,0.0,0.0,0,22,0,0,23,Liverpool
46,Conor Bradley,nir NIR,DF,20-260,4.9,226,299,75.6,3367,1053,123,149,82.6,82,110,74.5,12,22,54.5,3,1.1,0.8,1.9,10,12,10,3,16,Liverpool
47,Bobby Clark,eng ENG,MF,19-047,1.0,38,49,77.6,465,64,23,29,79.3,11,12,91.7,1,2,50.0,0,0.0,0.0,0.0,0,3,0,0,3,Liverpool
48,Ben Doak,sct SCO,FW,18-135,0.2,4,4,100.0,45,8,4,4,100.0,0,0,,0,0,,0,0.0,0.0,0.0,0,0,0,0,0,Liverpool
49,Jayden Danns,eng ENG,FW,18-069,0.1,5,7,71.4,73,16,3,4,75.0,2,3,66.7,0,0,,0,0.0,0.0,0.0,0,0,1,0,1,Liverpool
50,Owen Beck,wls WAL,DF,21-229,0.1,3,4,75.0,31,1,2,3,66.7,1,1,100.0,0,0,,0,0.0,0.0,0.0,0,0,0,0,0,Liverpool
51,Thiago Alcántara,es ESP,MF,32-349,0.1,7,10,70.0,130,30,3,3,100.0,3,4,75.0,1,2,50.0,0,0.0,0.0,0.0,0,0,0,0,0,Liverpool
52,James McConnell,eng ENG,MF,19-194,0.0,5,6,83.3,93,29,2,2,100.0,3,3,100.0,0,0,,0,0.0,0.0,0.0,0,0,0,0,1,Liverpool
53,Kaide Gordon,eng ENG,FW,19-172,0.0,1,1,100.0,16,11,0,0,,1,1,100.0,0,0,,0,0.0,0.0,0.0,0,0,0,0,1,Liverpool
54,Ederson,br BRA,GK,30-221,25.7,893,1029,86.8,22048,14954,217,218,99.5,461,471,97.9,213,335,63.6,0,0.1,0.1,-0.1,1,22,1,0,4,Manchester City
55,Phil Foden,eng ENG,"FW,MF",23-302,25.7,1194,1398,85.4,16235,3052,761,811,93.8,318,371,85.7,55,102,53.9,7,6.2,5.6,0.8,57,51,50,5,140,Manchester City
56,Julián Álvarez,ar ARG,"MF,FW",24-054,24.4,832,1047,79.5,11651,2577,498,552,90.2,228,275,82.9,52,129,40.3,7,6.2,5.6,0.8,61,38,32,4,87,Manchester City
57,Kyle Walker,eng ENG,DF,33-302,25.1,1759,2003,87.8,30298,6955,794,850,93.4,787,864,91.1,147,217,67.7,2,2.3,3.0,-0.3,22,170,29,11,139,Manchester City
58,Rodri,es ESP,MF,27-277,24.1,2433,2649,91.8,41853,11449,1178,1252,94.1,945,1011,93.5,257,304,84.5,5,2.6,4.7,2.4,35,274,46,0,264,Manchester City
59,Erling Haaland,no NOR,FW,23-248,21.4,209,278,75.2,2353,437,136,166,81.9,44,54,81.5,5,8,62.5,5,3.8,1.7,1.2,25,13,9,0,18,Manchester City
60,Rúben Dias,pt POR,DF,26-316,21.4,1839,1966,93.5,32151,10207,775,800,96.9,928,966,96.1,115,162,71.0,0,0.2,1.1,-0.2,3,176,8,2,132,Manchester City
61,Bernardo Silva,pt POR,"MF,FW",29-228,21.1,1229,1438,85.5,19176,4005,689,735,93.7,419,490,85.5,89,133,66.9,4,5.6,5.8,-1.6,51,78,41,10,136,Manchester City
62,Nathan Aké,nl NED,DF,29-036,19.2,1454,1585,91.7,22247,7257,744,782,95.1,637,676,94.2,38,72,52.8,2,1.2,1.1,0.8,10,129,5,1,102,Manchester City
63,Manuel Akanji,ch SUI,"DF,MF",28-250,18.6,1447,1557,92.9,23687,6232,720,749,96.1,624,662,94.3,77,104,74.0,0,0.2,1.1,-0.2,6,138,9,1,93,Manchester City
64,Joško Gvardiol,hr CRO,DF,22-062,16.4,1059,1216,87.1,16345,4181,554,602,92.0,420,466,90.1,50,72,69.4,0,0.9,1.1,-0.9,11,101,9,2,80,Manchester City
65,Jeremy Doku,be BEL,"FW,MF",21-303,13.3,516,643,80.2,7372,1182,333,374,89.0,155,204,76.0,20,24,83.3,5,3.4,4.6,1.6,34,8,30,6,45,Manchester City
66,John Stones,eng ENG,"DF,MF",29-302,10.6,647,699,92.6,10243,2401,331,353,93.8,264,276,95.7,36,46,78.3,0,0.2,0.4,-0.2,5,44,1,0,50,Manchester City
67,Mateo Kovačić,hr CRO,MF,29-324,10.8,850,909,93.5,12071,2465,498,513,97.1,295,317,93.1,26,33,78.8,0,1.2,1.4,-1.2,12,78,11,0,70,Manchester City
68,Jack Grealish,eng ENG,FW,28-197,7.9,334,394,84.8,4756,635,199,217,91.7,105,121,86.8,18,24,75.0,1,2.1,2.1,-1.1,20,11,12,0,29,Manchester City
69,Matheus Nunes,pt POR,"MF,FW",25-211,5.6,264,314,84.1,3626,596,162,177,91.5,80,91,87.9,10,21,47.6,2,1.0,1.3,1.0,7,17,11,2,24,Manchester City
70,Kevin De Bruyne,be BEL,MF,32-271,5.5,332,457,72.6,5398,1675,190,214,88.8,102,141,72.3,35,77,45.5,5,5.2,2.5,-0.2,27,32,28,7,52,Manchester City
71,Rico Lewis,eng ENG,"MF,DF",19-125,5.0,239,266,89.8,3374,456,144,151,95.4,84,90,93.3,6,12,50.0,0,0.5,0.4,-0.5,5,12,2,0,12,Manchester City
72,Stefan Ortega,de GER,GK,31-140,2.3,79,112,70.5,1932,1434,18,18,100.0,42,44,95.5,19,49,38.8,0,0.0,0.0,0.0,0,1,0,0,0,Manchester City
73,Oscar Bobb,no NOR,"FW,MF",20-257,2.0,95,109,87.2,1267,272,66,69,95.7,26,30,86.7,2,2,100.0,1,0.9,1.1,0.1,5,2,13,1,18,Manchester City
74,Kalvin Phillips,eng ENG,MF,28-114,1.0,62,70,88.6,1067,300,31,32,96.9,24,26,92.3,7,10,70.0,0,0.0,0.1,0.0,0,8,1,1,7,Manchester City
75,Sergio Gómez,es ESP,FW,23-203,0.2,16,20,80.0,249,16,8,9,88.9,6,7,85.7,1,2,50.0,1,0.2,0.1,0.8,1,0,0,0,1,Manchester City
76,Aymeric Laporte,es ESP,DF,29-303,0.1,11,11,100.0,202,48,4,4,100.0,7,7,100.0,0,0,,0,0.0,0.0,0.0,0,0,0,0,0,Manchester City
77,Cole Palmer,eng ENG,MF,21-324,0.1,4,5,80.0,51,0,2,2,100.0,2,3,66.7,0,0,,0,0.0,0.0,0.0,0,0,0,0,0,Manchester City
78,James Mcatee,eng ENG,MF,21-159,0.0,0,0,,0,0,0,0,,0,0,,0,0,,0,0.0,0.0,0.0,0,0,0,0,0,Manchester City
79,Ollie Watkins,eng ENG,FW,28-086,28.5,359,482,74.5,4597,786,232,289,80.3,93,128,72.7,8,16,50.0,10,5.4,3.6,4.6,39,17,20,0,45,Aston Villa
80,Emiliano Martínez,ar ARG,GK,31-205,28.0,980,1168,83.9,22728,13351,211,213,99.1,590,597,98.8,177,348,50.9,0,0.0,0.0,0.0,2,19,0,0,2,Aston Villa
81,Douglas Luiz,br BRA,MF,25-321,26.9,1533,1781,86.1,26543,6810,698,747,93.4,648,730,88.8,148,236,62.7,5,4.2,4.5,0.8,44,124,37,7,152,Aston Villa
82,John McGinn,sct SCO,"MF,FW",29-159,26.4,780,988,78.9,14445,4792,344,396,86.9,321,377,85.1,105,172,61.0,3,3.9,4.2,-0.9,39,103,44,10,166,Aston Villa
83,Ezri Konsa,eng ENG,DF,26-154,25.1,1511,1644,91.9,25849,8884,622,656,94.8,789,841,93.8,81,107,75.7,0,0.4,0.8,-0.4,7,108,8,1,102,Aston Villa
84,Matty Cash,pl POL,DF,26-231,21.1,903,1121,80.6,14542,4263,459,507,90.5,375,457,82.1,53,112,47.3,1,2.1,2.3,-1.1,11,62,17,8,82,Aston Villa
85,Pau Torres,es ESP,DF,27-069,20.4,1196,1373,87.1,22541,7312,378,414,91.3,709,756,93.8,93,174,53.4,0,0.4,0.6,-0.4,7,124,11,1,114,Aston Villa
86,Boubacar Kamara,fr FRA,MF,24-123,18.4,922,1035,89.1,14037,3978,521,560,93.0,319,344,92.7,56,82,68.3,1,1.3,1.4,-0.3,20,107,12,0,83,Aston Villa
87,Lucas Digne,fr FRA,DF,30-249,18.5,740,983,75.3,11914,4024,378,433,87.3,303,388,78.1,46,102,45.1,2,2.8,2.7,-0.8,29,34,29,13,60,Aston Villa
88,Moussa Diaby,fr FRA,"FW,MF",24-262,17.5,378,472,80.1,5471,1004,216,253,85.4,133,167,79.6,15,26,57.7,6,5.1,3.6,0.9,36,21,34,9,53,Aston Villa
89,Leon Bailey,jm JAM,"MF,FW",26-229,16.6,419,578,72.5,6617,1716,235,287,81.9,134,175,76.6,38,61,62.3,8,6.9,5.6,1.1,40,23,29,3,53,Aston Villa
90,Diego Carlos,br BRA,DF,31-010,13.0,774,882,87.8,15442,6709,232,250,92.8,457,480,95.2,81,144,56.3,0,0.0,0.3,0.0,2,50,3,0,47,Aston Villa
91,Clément Lenglet,fr FRA,DF,28-282,10.8,716,803,89.2,13478,4432,265,281,94.3,373,399,93.5,71,110,64.5,1,0.8,0.5,0.2,2,31,3,0,50,Aston Villa
92,Youri Tielemans,be BEL,"MF,FW",26-323,12.7,536,655,81.8,8456,2644,288,319,90.3,209,247,84.6,28,48,58.3,4,1.9,1.6,2.1,13,66,22,1,97,Aston Villa
93,Álex Moreno,es ESP,DF,30-291,10.4,401,505,79.4,6041,1535,223,252,88.5,157,194,80.9,16,25,64.0,0,1.1,1.0,-1.1,11,10,13,2,22,Aston Villa
94,Jacob Ramsey,eng ENG,"MF,FW",22-302,9.5,257,322,79.8,3751,863,143,173,82.7,97,115,84.3,9,12,75.0,1,1.0,1.4,0.0,10,22,5,0,28,Aston Villa
95,Nicolò Zaniolo,it ITA,"MF,FW",24-267,6.9,108,167,64.7,1541,365,65,85,76.5,35,48,72.9,4,10,40.0,0,0.9,0.6,-0.9,8,14,5,0,23,Aston Villa
96,Jhon Durán,co COL,"FW,MF",20-103,2.6,45,70,64.3,627,127,25,38,65.8,14,15,93.3,2,2,100.0,0,0.1,0.1,-0.1,2,5,1,0,6,Aston Villa
97,Morgan Rogers,eng ENG,MF,21-243,1.4,34,45,75.6,534,245,20,26,76.9,11,12,91.7,2,2,100.0,0,0.1,0.1,-0.1,2,6,3,0,10,Aston Villa
98,Leander Dendoncker,be BEL,MF,28-345,1.3,45,56,80.4,744,139,24,28,85.7,19,22,86.4,2,4,50.0,0,0.0,0.0,0.0,0,1,0,0,3,Aston Villa
99,Robin Olsen,se SWE,GK,34-077,1.0,30,39,76.9,675,414,12,12,100.0,11,11,100.0,7,16,43.8,0,0.0,0.0,0.0,0,1,0,0,0,Aston Villa
100,Tyrone Mings,eng ENG,DF,31-012,0.3,5,5,100.0,119,86,0,0,,2,2,100.0,2,2,100.0,0,0.0,0.2,0.0,1,1,0,0,0,Aston Villa
101,Tim Iroegbunam,eng ENG,MF,20-269,0.7,21,23,91.3,322,90,12,12,100.0,9,10,90.0,0,0,,0,0.0,0.0,0.0,0,0,0,0,1,Aston Villa
102,Calum Chambers,eng ENG,DF,29-065,0.5,34,36,94.4,600,273,13,13,100.0,21,21,100.0,0,2,0.0,0,0.0,0.0,0.0,0,0,0,0,2,Aston Villa
103,Philippe Coutinho,br BRA,"MF,FW",31-287,0.3,20,24,83.3,265,63,11,14,78.6,8,9,88.9,0,0,,0,0.0,0.0,0.0,0,4,0,0,5,Aston Villa
104,Bertrand Traoré,bf BFA,"DF,FW",28-201,0.1,2,3,66.7,15,0,1,1,100.0,0,0,,0,1,0.0,0,0.0,0.0,0.0,0,0,0,0,0,Aston Villa
105,Cameron Archer,eng ENG,MF,22-248,0.1,5,6,83.3,42,0,5,6,83.3,0,0,,0,0,,0,0.0,0.0,0.0,0,0,0,0,0,Aston Villa
106,Jaden Philogene Bidace,eng ENG,FW,22-046,0.0,3,4,75.0,27,5,3,3,100.0,0,0,,0,0,,0,0.0,0.0,0.0,0,0,0,0,0,Aston Villa
107,Guglielmo Vicario,it ITA,GK,27-170,28.0,972,1167,83.3,19237,11496,309,311,99.4,549,565,97.2,107,278,38.5,0,0.0,0.0,0.0,0,4,0,0,1,Tottenham
108,Pedro Porro,es ESP,DF,24-194,25.0,1283,1692,75.8,19599,7531,760,840,90.5,400,521,76.8,95,226,42.0,7,6.1,4.9,0.9,43,86,33,8,126,Tottenham
109,Dejan Kulusevski,se SWE,"FW,MF",23-335,24.5,760,984,77.2,10813,2864,480,549,87.4,224,290,77.2,34,59,57.6,3,6.2,5.8,-3.2,53,39,60,13,117,Tottenham
110,Son Heung-min,kr KOR,FW,31-261,23.0,592,728,81.3,8273,2090,342,401,85.3,206,235,87.7,18,29,62.1,8,8.1,6.3,-0.1,45,32,44,2,99,Tottenham
111,Destiny Udogie,it ITA,DF,21-118,22.6,1035,1214,85.3,14051,4300,650,710,91.5,334,387,86.3,17,28,60.7,3,2.1,1.9,0.9,22,96,12,0,134,Tottenham
112,Cristian Romero,ar ARG,DF,25-333,21.0,1665,1809,92.0,29050,11542,675,728,92.7,888,923,96.2,81,112,72.3,0,0.4,1.1,-0.4,6,127,9,0,126,Tottenham
113,Pape Matar Sarr,sn SEN,MF,21-193,16.5,847,977,86.7,12497,3143,474,517,91.7,288,323,89.2,42,60,70.0,3,2.0,1.5,1.0,17,92,13,1,113,Tottenham
114,Yves Bissouma,ml MLI,MF,27-208,17.2,1286,1398,92.0,19048,5362,718,761,94.3,470,503,93.4,46,58,79.3,0,0.3,1.4,-0.3,7,111,9,0,121,Tottenham
115,Micky van de Ven,nl NED,DF,22-341,17.0,1165,1223,95.3,20597,6754,453,464,97.6,613,639,95.9,74,88,84.1,0,0.0,0.2,0.0,1,82,2,0,69,Tottenham
116,James Maddison,eng ENG,MF,27-123,16.2,789,992,79.5,12932,4303,403,440,91.6,306,382,80.1,62,121,51.2,7,4.0,4.6,3.0,44,93,44,1,153,Tottenham
117,Richarlison,br BRA,FW,26-320,15.1,242,358,67.6,3469,857,138,171,80.7,78,111,70.3,10,15,66.7,3,1.8,1.2,1.2,14,16,12,1,33,Tottenham
118,Brennan Johnson,wls WAL,FW,22-307,14.2,298,427,69.8,4398,1083,177,222,79.7,103,141,73.0,12,26,46.2,6,4.6,2.7,1.4,25,24,21,5,45,Tottenham
119,Ben Davies,wls WAL,DF,30-336,11.1,730,804,90.8,13349,5172,280,300,93.3,377,398,94.7,60,79,75.9,0,0.4,0.5,-0.4,4,79,4,0,71,Tottenham
120,Emerson,br BRA,DF,25-071,10.7,798,880,90.7,11623,3365,452,473,95.6,282,302,93.4,31,43,72.1,0,0.4,0.8,-0.4,2,37,6,2,44,Tottenham
121,Rodrigo Bentancur,uy URU,MF,26-274,5.9,339,410,82.7,5214,1369,177,203,87.2,138,156,88.5,14,23,60.9,0,0.3,0.6,-0.3,6,38,5,0,33,Tottenham
122,Pierre Højbjerg,dk DEN,MF,28-233,11.3,918,1046,87.8,14931,5510,485,535,90.7,326,351,92.9,74,103,71.8,0,0.9,1.3,-0.9,5,119,9,0,102,Tottenham
123,Timo Werner,de GER,FW,28-019,4.9,169,213,79.3,2406,466,101,115,87.8,63,76,82.9,3,8,37.5,2,1.5,1.2,0.5,9,5,11,2,26,Tottenham
124,Oliver Skipp,eng ENG,"MF,FW",23-191,6.5,282,309,91.3,4092,1123,165,173,95.4,94,100,94.0,14,19,73.7,0,0.6,0.3,-0.6,7,35,3,0,32,Tottenham
125,Giovani Lo Celso,ar ARG,MF,27-351,4.7,342,383,89.3,4997,1451,191,205,93.2,115,125,92.0,21,29,72.4,2,0.9,1.0,1.1,12,34,10,1,52,Tottenham
126,Manor Solomon,il ISR,FW,24-245,2.2,78,90,86.7,1105,196,45,48,93.8,28,35,80.0,3,4,75.0,2,0.8,0.8,1.2,12,3,7,1,11,Tottenham
127,Bryan Gil,es ESP,"FW,MF",23-043,2.2,113,140,80.7,1619,284,61,73,83.6,48,55,87.3,1,2,50.0,0,0.1,0.2,-0.1,3,5,6,1,11,Tottenham
128,Eric Dier,eng ENG,DF,30-070,2.2,125,141,88.7,2070,1037,52,57,91.2,69,72,95.8,3,10,30.0,0,0.0,0.0,0.0,0,3,0,0,3,Tottenham
129,Radu Drăgușin,ro ROU,DF,22-051,1.6,93,105,88.6,1619,538,38,42,90.5,52,55,94.5,2,5,40.0,0,0.0,0.0,0.0,0,1,0,0,3,Tottenham
130,Ivan Perišić,hr CRO,FW,35-052,1.1,53,76,69.7,828,363,31,39,79.5,14,22,63.6,7,13,53.8,1,0.9,0.7,0.1,5,4,6,2,9,Tottenham
131,Davinson Sánchez,co COL,DF,27-287,0.9,68,75,90.7,1045,377,37,38,97.4,27,29,93.1,3,6,50.0,0,0.0,0.0,0.0,0,13,0,0,2,Tottenham
132,Alejo Véliz,ar ARG,FW,20-188,0.6,5,10,50.0,91,5,2,4,50.0,2,2,100.0,1,1,100.0,0,0.0,0.0,0.0,0,0,0,0,1,Tottenham
133,Jamie Donley,eng ENG,FW,19-082,0.0,1,1,100.0,14,0,1,1,100.0,0,0,,0,0,,0,0.0,0.0,0.0,0,0,0,0,0,Tottenham
134,Dane Scarlett,eng ENG,FW,20-001,0.0,0,1,0.0,0,0,0,0,,0,1,0.0,0,0,,0,0.0,0.0,0.0,0,0,0,0,0,Tottenham
135,André Onana,cm CMR,GK,27-358,28.0,822,1113,73.9,20189,13649,205,206,99.5,415,425,97.6,195,470,41.5,0,0.1,0.1,-0.1,3,28,2,0,5,Manchester Utd
136,Bruno Fernandes,pt POR,"MF,FW",29-199,27.0,1190,1652,72.0,21018,7568,577,668,86.4,403,530,76.0,161,316,50.9,6,8.2,7.0,-2.2,82,136,66,8,223,Manchester Utd
137,Diogo Dalot,pt POR,DF,25-007,25.3,1064,1325,80.3,18394,5755,501,568,88.2,409,503,81.3,120,176,68.2,2,1.9,1.8,0.1,23,77,23,13,90,Manchester Utd
138,Marcus Rashford,eng ENG,FW,26-146,22.1,455,615,74.0,6281,1643,278,336,82.7,118,165,71.5,28,50,56.0,2,2.2,2.6,-0.2,19,27,29,1,58,Manchester Utd
139,Alejandro Garnacho,ar ARG,FW,19-268,19.6,460,618,74.4,6414,995,277,325,85.2,136,174,78.2,25,44,56.8,3,4.5,2.3,-1.5,37,21,17,3,47,Manchester Utd
140,Rasmus Højlund,dk DEN,FW,21-050,16.3,208,275,75.6,2415,666,136,168,81.0,33,46,71.7,10,11,90.9,2,1.1,0.7,0.9,17,10,9,1,23,Manchester Utd
141,Casemiro,br BRA,MF,32-031,13.1,634,768,82.6,10461,3815,320,352,90.9,238,286,83.2,51,83,61.4,1,0.6,0.6,0.4,11,67,11,2,71,Manchester Utd
142,Scott McTominay,sct SCO,"MF,FW",27-108,16.4,404,499,81.0,6207,1625,222,258,86.0,143,169,84.6,27,37,73.0,1,0.7,0.4,0.3,8,50,9,0,52,Manchester Utd
143,Raphaël Varane,fr FRA,DF,30-335,14.0,631,713,88.5,10859,3296,259,277,93.5,318,347,91.6,39,60,65.0,0,0.1,0.6,-0.1,1,56,4,0,54,Manchester Utd
144,Kobbie Mainoo,eng ENG,MF,18-341,12.3,409,483,84.7,6055,1451,222,251,88.4,150,169,88.8,19,34,55.9,0,0.4,0.9,-0.4,7,20,2,0,33,Manchester Utd
145,Victor Lindelöf,se SWE,DF,29-252,14.0,794,892,89.0,12779,3507,377,413,91.3,345,375,92.0,48,69,69.6,1,0.3,0.4,0.7,8,58,3,0,36,Manchester Utd
146,Harry Maguire,eng ENG,DF,31-020,12.9,642,769,83.5,12542,4505,245,273,89.7,299,339,88.2,85,135,63.0,2,1.2,0.9,0.8,6,64,4,0,54,Manchester Utd
147,Jonny Evans,nir NIR,DF,36-082,12.1,542,628,86.3,9086,3121,233,255,91.4,253,277,91.3,36,63,57.1,1,1.2,0.3,-0.2,5,26,3,0,32,Manchester Utd
148,Luke Shaw,eng ENG,DF,28-257,10.7,531,648,81.9,8242,3114,273,306,89.2,201,237,84.8,31,65,47.7,0,1.0,0.9,-1.0,13,33,7,0,45,Manchester Utd
149,Antony,br BRA,FW,24-030,10.6,327,428,76.4,4338,1148,202,242,83.5,96,114,84.2,10,24,41.7,0,2.1,1.5,-2.1,16,21,19,2,49,Manchester Utd
150,Aaron Wan-Bissaka,eng ENG,DF,26-120,9.8,437,528,82.8,5896,1873,278,314,88.5,136,155,87.7,13,25,52.0,1,1.2,1.0,-0.2,5,26,4,0,37,Manchester Utd
151,Christian Eriksen,dk DEN,MF,32-040,9.9,489,614,79.6,8076,1996,249,283,88.0,180,218,82.6,42,77,54.5,1,1.8,1.9,-0.8,18,52,15,3,53,Manchester Utd
152,Sofyan Amrabat,ma MAR,"MF,DF",27-217,7.1,398,461,86.3,7507,1957,147,171,86.0,194,216,89.8,47,55,85.5,0,0.2,0.2,-0.2,4,45,4,0,50,Manchester Utd
153,Lisandro Martínez,ar ARG,DF,26-067,6.2,366,395,92.7,6231,1935,160,164,97.6,175,183,95.6,25,39,64.1,1,0.1,0.1,0.9,3,28,1,0,28,Manchester Utd
154,Anthony Martial,fr FRA,FW,28-111,5.0,109,139,78.4,1267,263,70,80,87.5,25,33,75.8,1,2,50.0,0,0.2,0.2,-0.2,6,6,2,0,12,Manchester Utd
155,Sergio Reguilón,es ESP,DF,27-100,4.6,244,314,77.7,3669,1356,137,157,87.3,84,111,75.7,16,26,61.5,0,0.7,0.6,-0.7,8,20,4,2,27,Manchester Utd
156,Mason Mount,eng ENG,MF,25-075,4.4,130,163,79.8,1771,570,81,94,86.2,28,36,77.8,9,15,60.0,0,0.2,0.3,-0.2,5,13,5,1,15,Manchester Utd
157,Facundo Pellistri,uy URU,"FW,MF",22-096,1.9,60,79,75.9,675,146,47,53,88.7,11,17,64.7,0,0,,1,0.1,0.4,0.9,1,4,2,0,6,Manchester Utd
158,Hannibal Mejbri,tn TUN,"MF,FW",21-064,1.5,31,38,81.6,442,143,21,21,100.0,7,9,77.8,3,6,50.0,0,0.4,0.5,-0.4,2,6,1,0,6,Manchester Utd
159,Willy Kambwala,fr FRA,DF,19-213,1.2,85,96,88.5,1508,470,37,38,97.4,46,51,90.2,2,7,28.6,0,0.0,0.0,0.0,0,3,0,0,5,Manchester Utd
160,Omari Forson,eng ENG,FW,19-249,0.7,23,26,88.5,277,64,14,14,100.0,7,9,77.8,0,0,,1,0.2,0.0,0.8,2,2,1,0,2,Manchester Utd
161,Jadon Sancho,eng ENG,"FW,MF",24-000,0.9,34,43,79.1,446,116,22,25,88.0,10,14,71.4,1,1,100.0,0,0.1,0.1,-0.1,1,2,2,0,4,Manchester Utd
162,Amad Diallo,ci CIV,FW,21-258,0.5,31,35,88.6,359,38,23,26,88.5,5,5,100.0,0,0,,0,0.1,0.1,-0.1,1,2,0,0,1,Manchester Utd
163,Donny van de Beek,nl NED,DF,26-342,0.0,1,1,100.0,7,0,1,1,100.0,0,0,,0,0,,0,0.1,0.0,-0.1,1,0,0,0,0,Manchester Utd
164,Daniel Gore,eng ENG,MF,19-181,0.0,0,0,,0,0,0,0,,0,0,,0,0,,0,0.0,0.0,0.0,0,0,0,0,0,Manchester Utd
165,Jarrod Bowen,eng ENG,FW,27-096,28.0,406,583,69.6,5524,1481,242,291,83.2,116,150,77.3,23,48,47.9,3,4.0,3.3,-1.0,23,25,10,1,45,West Ham
166,Vladimír Coufal,cz CZE,DF,31-216,26.6,891,1299,68.6,14389,7237,464,520,89.2,348,487,71.5,59,198,29.8,7,3.2,2.4,3.8,28,78,33,18,100,West Ham
167,James Ward-Prowse,eng ENG,MF,29-145,26.0,1087,1318,82.5,18212,5497,549,596,92.1,407,449,90.6,105,216,48.6,7,5.9,5.6,1.1,54,109,16,5,103,West Ham
168,Emerson Palmieri,it ITA,DF,29-235,26.2,1061,1306,81.2,14321,5703,674,749,90.0,305,386,79.0,34,64,53.1,2,2.2,1.9,-0.2,20,67,18,7,91,West Ham
169,Alphonse Areola,fr FRA,GK,31-027,25.5,481,736,65.4,15233,11106,61,63,96.8,214,215,99.5,204,452,45.1,0,0.0,0.0,0.0,0,7,0,0,1,West Ham
170,Tomáš Souček,cz CZE,MF,29-027,24.8,541,734,73.7,8297,2464,288,353,81.6,190,249,76.3,36,63,57.1,1,0.7,0.7,0.3,8,60,4,1,66,West Ham
171,Kurt Zouma,fr FRA,DF,29-150,23.2,716,868,82.5,13921,4980,245,270,90.7,388,430,90.2,77,145,53.1,0,0.1,0.1,-0.1,2,39,1,0,43,West Ham
172,Edson Álvarez,mx MEX,MF,26-153,21.9,863,1008,85.6,14287,4309,425,469,90.6,343,379,90.5,71,112,63.4,1,0.4,0.6,0.6,9,69,4,0,71,West Ham
173,Lucas Paquetá,br BRA,"FW,MF",26-211,20.4,770,1047,73.5,11771,4141,421,503,83.7,241,312,77.2,67,124,54.0,5,4.2,3.8,0.8,32,95,34,4,135,West Ham
174,Nayef Aguerd,ma MAR,DF,27-361,19.6,877,1103,79.5,18574,8383,312,333,93.7,415,453,91.6,137,290,47.2,0,0.2,0.4,-0.2,3,69,2,0,64,West Ham
175,Kudus Mohammed,gh GHA,"FW,MF",23-236,18.7,468,606,77.2,7682,1197,245,273,89.7,165,204,80.9,44,70,62.9,3,2.5,2.6,0.5,20,20,21,10,61,West Ham
176,Michail Antonio,jm JAM,FW,33-363,11.4,105,188,55.9,1522,397,67,94,71.3,26,52,50.0,7,15,46.7,2,0.9,1.2,1.1,8,7,6,2,12,West Ham
177,Konstantinos Mavropanos,gr GRE,DF,26-105,12.0,338,459,73.6,6584,2717,115,136,84.6,182,214,85.0,34,91,37.4,0,0.2,0.1,-0.2,2,21,1,0,22,West Ham
178,Saïd Benrahma,dz ALG,"FW,MF",28-228,6.9,193,257,75.1,2587,504,116,138,84.1,56,76,73.7,8,15,53.3,1,1.4,0.8,-0.4,11,11,11,2,28,West Ham
179,Pablo Fornals,es ESP,"MF,FW",28-032,4.7,162,210,77.1,2602,713,83,96,86.5,60,75,80.0,12,20,60.0,0,0.3,0.3,-0.3,5,19,6,1,29,West Ham
180,Ben Johnson,eng ENG,"DF,FW",24-061,4.7,169,231,73.2,2549,1016,103,111,92.8,53,80,66.3,10,24,41.7,0,0.0,0.1,0.0,0,13,0,0,12,West Ham
181,Angelo Ogbonna,it ITA,DF,35-307,3.6,78,89,87.6,1521,477,24,25,96.0,45,46,97.8,7,15,46.7,0,0.0,0.0,0.0,0,4,0,0,3,West Ham
182,Łukasz Fabiański,pl POL,GK,38-342,3.5,71,106,67.0,2146,1458,7,7,100.0,39,39,100.0,25,59,42.4,0,0.0,0.0,0.0,0,2,0,0,1,West Ham
183,Kalvin Phillips,eng ENG,MF,28-114,3.0,124,154,80.5,2251,489,53,63,84.1,57,66,86.4,11,19,57.9,0,0.0,0.0,0.0,0,21,0,0,16,West Ham
184,Aaron Cresswell,eng ENG,DF,34-101,2.7,135,165,81.8,2117,894,85,91,93.4,32,45,71.1,13,23,56.5,0,0.3,0.3,-0.3,4,8,2,0,16,West Ham
185,Danny Ings,eng ENG,FW,31-246,2.9,43,69,62.3,478,91,22,30,73.3,11,14,78.6,0,7,0.0,0,0.3,0.1,-0.3,5,0,2,0,4,West Ham
186,Maxwel Cornet,ci CIV,"MF,FW",27-180,1.2,28,39,71.8,346,67,22,27,81.5,5,7,71.4,0,1,0.0,0,0.2,0.0,-0.2,4,0,0,0,2,West Ham
187,Divin Mubama,eng ENG,FW,19-152,0.9,16,22,72.7,200,15,12,16,75.0,2,3,66.7,1,1,100.0,0,0.0,0.0,0.0,0,0,0,0,0,West Ham
188,Thilo Kehrer,de GER,"DF,MF",27-186,0.2,9,9,100.0,86,36,7,7,100.0,1,1,100.0,0,0,,0,0.0,0.0,0.0,0,0,0,0,1,West Ham
189,Pascal Groß,de GER,"MF,DF",32-284,24.6,1998,2338,85.5,31264,9624,1112,1182,94.1,672,763,88.1,148,277,53.4,10,6.8,7.1,3.2,76,177,58,20,222,Brighton
190,Lewis Dunk,eng ENG,DF,32-125,23.4,2330,2532,92.0,40127,15066,1059,1091,97.1,1045,1110,94.1,178,267,66.7,1,0.8,2.1,0.2,11,177,8,1,131,Brighton
191,Jan Paul van Hecke,nl NED,DF,23-291,21.3,1945,2095,92.8,33609,13175,820,864,94.9,962,1019,94.4,127,164,77.4,0,0.8,1.0,-0.8,8,138,9,1,137,Brighton
192,Billy Gilmour,sct SCO,MF,22-288,19.8,1649,1809,91.2,25332,6471,892,925,96.4,615,663,92.8,88,143,61.5,1,2.0,2.1,-1.0,20,156,28,2,165,Brighton
193,Simon Adingra,ci CIV,FW,22-084,16.1,425,566,75.1,6033,1085,269,328,82.0,129,172,75.0,16,26,61.5,1,2.3,1.7,-1.3,20,9,23,8,32,Brighton
194,Kaoru Mitoma,jp JPN,FW,26-310,16.5,509,650,78.3,6210,1486,357,413,86.4,110,153,71.9,9,24,37.5,4,2.7,3.6,1.3,25,23,34,5,64,Brighton
195,Evan Ferguson,ie IRL,FW,19-158,15.1,244,303,80.5,3028,349,156,180,86.7,54,63,85.7,11,15,73.3,0,0.5,0.8,-0.5,6,11,4,0,15,Brighton
196,Jason Steele,eng ENG,GK,33-220,15.0,506,605,83.6,10946,7450,163,164,99.4,234,239,97.9,102,193,52.8,0,0.0,0.0,0.0,0,3,0,0,0,Brighton
197,Danny Welbeck,eng ENG,"FW,MF",33-120,11.4,278,327,85.0,3169,428,204,228,89.5,58,64,90.6,0,1,0.0,1,1.3,1.1,-0.3,11,15,8,0,28,Brighton
198,Bart Verbruggen,nl NED,GK,21-220,13.0,510,554,92.1,9826,6636,212,215,98.6,217,220,98.6,75,112,67.0,0,0.0,0.0,0.0,0,1,0,0,2,Brighton
199,João Pedro,br BRA,"FW,MF",22-181,15.5,448,562,79.7,5880,1229,286,325,88.0,125,158,79.1,14,27,51.9,2,2.3,2.9,-0.3,20,32,31,1,64,Brighton
200,Pervis Estupiñán,ec ECU,DF,26-064,11.7,706,839,84.1,10354,3274,414,456,90.8,241,278,86.7,29,55,52.7,3,3.4,2.3,-0.4,25,58,24,10,74,Brighton
201,Facundo Buonanotte,ar ARG,"MF,FW",19-093,10.5,273,330,82.7,3343,573,185,214,86.4,59,69,85.5,7,10,70.0,1,1.7,0.9,-0.7,16,16,9,0,25,Brighton
202,Joël Veltman,nl NED,DF,32-070,12.6,622,734,84.7,10116,2580,301,334,90.1,278,313,88.8,38,66,57.6,1,0.4,0.5,0.6,3,47,3,0,71,Brighton
203,Igor,br BRA,DF,26-047,11.1,928,997,93.1,14662,4381,445,464,95.9,435,452,96.2,33,45,73.3,0,0.3,0.2,-0.3,4,74,1,0,77,Brighton
204,James Milner,eng ENG,"DF,MF",38-081,8.6,492,585,84.1,7622,2496,269,297,90.6,181,210,86.2,27,46,58.7,2,1.8,1.7,0.2,16,46,17,6,69,Brighton
205,Adam Lallana,eng ENG,MF,35-320,7.4,360,400,90.0,3946,827,257,275,93.5,62,70,88.6,6,6,100.0,1,1.6,1.7,-0.6,12,16,10,1,29,Brighton
206,Adam Webster,eng ENG,DF,29-081,8.5,764,836,91.4,12752,4230,335,360,93.1,374,400,93.5,38,52,73.1,0,0.1,0.3,-0.1,4,70,2,0,65,Brighton
207,Carlos Baleba,cm CMR,MF,20-082,8.5,445,482,92.3,6745,1501,234,252,92.9,180,188,95.7,18,21,85.7,0,0.2,0.1,-0.2,6,19,1,0,33,Brighton
208,Jack Hinshelwood,eng ENG,DF,18-349,9.7,418,498,83.9,5999,1172,233,267,87.3,156,175,89.1,9,22,40.9,0,0.7,0.4,-0.7,8,24,5,1,19,Brighton
209,Tariq Lamptey,gh GHA,"DF,FW",23-177,6.6,276,331,83.4,4004,626,154,172,89.5,97,119,81.5,12,19,63.2,3,0.6,0.4,2.4,5,6,6,2,14,Brighton
210,Solly March,eng ENG,"FW,DF",29-249,6.2,203,261,77.8,3145,899,118,139,84.9,62,78,79.5,17,27,63.0,1,1.0,1.0,0.0,7,10,7,0,24,Brighton
211,Mahmoud Dahoud,de GER,MF,28-084,5.0,284,328,86.6,4011,886,169,176,96.0,84,99,84.8,16,25,64.0,1,0.9,0.4,0.1,10,21,1,1,11,Brighton
212,Ansu Fati,es ESP,"MF,FW",21-146,5.3,152,181,84.0,1978,475,100,106,94.3,34,43,79.1,9,10,90.0,0,0.8,0.5,-0.8,6,13,5,0,25,Brighton
213,Julio Enciso,py PAR,"MF,FW",20-062,1.6,35,52,67.3,406,93,25,30,83.3,8,14,57.1,1,2,50.0,2,0.8,0.6,1.2,3,1,0,0,0,Brighton
214,Jakub Moder,pl POL,"MF,DF",24-353,2.5,97,124,78.2,1150,257,70,75,93.3,22,33,66.7,1,5,20.0,0,0.1,0.2,-0.1,2,5,1,0,5,Brighton
215,Benicio Boaitey,eng ENG,"DF,FW",20-076,0.2,9,14,64.3,124,19,6,9,66.7,3,4,75.0,0,0,,0,0.0,0.0,0.0,0,0,0,0,1,Brighton
216,Max Kilman,eng ENG,DF,26-307,28.0,1372,1632,84.1,25628,9314,558,598,93.3,664,729,91.1,138,273,50.5,0,0.7,0.9,-0.7,11,87,10,1,93,Wolves
217,Nélson Semedo,pt POR,"DF,MF",30-130,26.1,1069,1367,78.2,15554,5299,637,712,89.5,354,453,78.1,49,118,41.5,1,1.1,1.1,-0.1,16,82,22,8,110,Wolves
218,José Sá,pt POR,GK,31-068,24.7,506,775,65.3,12265,8111,133,136,97.8,250,256,97.7,117,373,31.4,0,0.0,0.0,0.0,0,7,0,0,0,Wolves
219,Craig Dawson,eng ENG,DF,33-324,24.5,1104,1277,86.5,23417,8062,296,333,88.9,640,679,94.3,158,237,66.7,1,1.4,0.6,-0.4,9,52,2,0,49,Wolves
220,Mario Lemina,ga GAB,MF,30-206,24.2,836,992,84.3,13136,3466,462,514,89.9,293,345,84.9,61,92,66.3,0,0.8,0.7,-0.8,12,44,4,1,58,Wolves
221,Matheus Cunha,br BRA,"FW,MF",24-303,21.8,502,637,78.8,6696,1707,319,369,86.4,134,169,79.3,24,44,54.5,6,3.1,2.4,2.9,25,40,25,1,60,Wolves
222,João Gomes,br BRA,MF,23-042,20.2,698,855,81.6,10227,2890,400,453,88.3,231,272,84.9,33,64,51.6,1,1.0,1.2,0.0,14,46,16,5,73,Wolves
223,Toti Gomes,pt POR,DF,25-069,20.8,1038,1289,80.5,15523,5895,547,603,90.7,421,510,82.5,32,102,31.4,3,1.1,0.6,1.9,4,62,6,1,67,Wolves
224,Rayan Aït-Nouri,dz ALG,"DF,MF",22-293,18.9,747,885,84.4,10371,3139,466,513,90.8,218,256,85.2,30,53,56.6,1,1.9,1.4,-0.9,20,51,11,2,84,Wolves
225,Hwang Hee-chan,kr KOR,"FW,MF",28-059,18.0,349,451,77.4,4744,841,210,254,82.7,108,135,80.0,13,18,72.2,3,2.9,2.5,0.1,15,16,6,2,29,Wolves
226,Pedro Neto,pt POR,"FW,MF",24-016,16.7,532,714,74.5,8219,1968,304,348,87.4,153,209,73.2,49,98,50.0,9,4.4,3.7,4.6,38,23,29,12,54,Wolves
227,Pablo Sarabia,es ESP,"MF,FW",31-319,14.1,511,727,70.3,8275,2913,283,329,86.0,143,193,74.1,54,123,43.9,6,5.2,4.0,0.8,41,49,29,5,86,Wolves
228,Jean-Ricner Bellegarde,fr FRA,"MF,FW",25-272,9.0,217,278,78.1,3112,749,128,141,90.8,69,89,77.5,13,24,54.2,1,0.8,0.8,0.2,11,17,6,0,37,Wolves
229,Tommy Doyle,eng ENG,MF,22-160,9.0,542,642,84.4,10445,2862,202,216,93.5,250,277,90.3,74,120,61.7,0,0.3,0.7,-0.3,4,62,4,1,53,Wolves
230,Hugo Bueno,es ESP,"DF,MF",21-189,4.8,215,275,78.2,2905,704,143,160,89.4,63,80,78.8,6,16,37.5,0,0.5,0.3,-0.5,4,10,4,4,6,Wolves
231,Matt Doherty,ie IRL,"DF,MF",32-069,6.6,241,320,75.3,3560,958,147,178,82.6,68,89,76.4,18,32,56.3,0,0.7,0.5,-0.7,7,13,5,1,15,Wolves
232,Boubacar Traoré,ml MLI,"MF,FW",22-218,4.5,184,220,83.6,2932,617,94,109,86.2,67,77,87.0,15,21,71.4,0,0.2,0.2,-0.2,3,22,5,2,12,Wolves
233,Santiago Bueno,uy URU,DF,25-137,3.2,123,141,87.2,2361,597,30,32,93.8,84,89,94.4,7,16,43.8,0,0.0,0.0,0.0,0,4,0,0,2,Wolves
234,Fábio Silva,pt POR,FW,21-250,2.9,61,76,80.3,779,174,37,43,86.0,16,18,88.9,1,4,25.0,0,0.2,0.1,-0.2,4,7,0,0,10,Wolves
235,Daniel Bentley,eng ENG,GK,30-256,3.3,67,98,68.4,1552,1081,22,22,100.0,26,26,100.0,18,49,36.7,0,0.0,0.0,0.0,0,0,0,0,0,Wolves
236,Matheus Nunes,pt POR,MF,25-211,2.0,87,106,82.1,1077,279,59,68,86.8,23,26,88.5,2,6,33.3,0,0.1,0.2,-0.1,3,6,1,0,8,Wolves
237,Nathan Fraser,ie IRL,FW,19-032,1.9,27,35,77.1,321,28,19,21,90.5,6,9,66.7,0,0,,0,0.1,0.0,-0.1,2,0,1,0,1,Wolves
238,Sasa Kalajdzic,at AUT,FW,26-262,1.8,38,60,63.3,507,130,22,33,66.7,10,16,62.5,2,5,40.0,0,1.0,0.3,-1.0,4,1,2,0,5,Wolves
239,Tawanda Chirewa,eng ENG,"MF,FW",20-166,0.1,8,8,100.0,155,45,3,3,100.0,4,4,100.0,1,1,100.0,0,0.0,0.0,0.0,1,0,2,2,1,Wolves
240,Jonny Castro,es ESP,MF,30-022,0.1,0,0,,0,0,0,0,,0,0,,0,0,,0,0.0,0.0,0.0,0,0,0,0,0,Wolves
241,Fabian Schär,ch SUI,DF,32-096,27.1,1504,1799,83.6,30602,12373,509,558,91.2,763,830,91.9,216,361,59.8,1,0.6,1.3,0.4,7,117,15,2,102,Newcastle Utd
242,Bruno Guimarães,br BRA,MF,26-130,26.3,1413,1665,84.9,24545,6365,641,708,90.5,590,671,87.9,135,200,67.5,5,4.2,4.7,0.8,41,126,45,4,196,Newcastle Utd
243,Anthony Gordon,eng ENG,FW,23-030,24.3,575,731,78.7,8342,2044,352,403,87.3,158,201,78.6,39,68,57.4,5,4.7,3.3,0.3,30,34,31,9,76,Newcastle Utd
244,Kieran Trippier,eng ENG,DF,33-188,24.0,1579,2068,76.4,28789,10729,678,764,88.7,708,847,83.6,177,367,48.2,10,7.4,7.0,2.6,63,110,52,19,151,Newcastle Utd
245,Miguel Almirón,py PAR,FW,30-044,20.4,625,757,82.6,8503,1743,385,429,89.7,195,237,82.3,20,37,54.1,1,2.0,2.0,-1.0,21,37,20,3,75,Newcastle Utd
246,Dan Burn,eng ENG,DF,31-321,20.3,936,1170,80.0,14622,5699,485,557,87.1,411,492,83.5,31,72,43.1,2,1.0,1.0,1.0,8,52,7,3,60,Newcastle Utd
247,Sean Longstaff,eng ENG,MF,26-147,21.1,709,879,80.7,11038,3631,397,451,88.0,242,297,81.5,50,76,65.8,2,1.7,2.0,0.3,15,57,20,4,99,Newcastle Utd
248,Alexander Isak,se SWE,FW,24-186,15.6,233,301,77.4,3304,635,144,168,85.7,69,83,83.1,9,15,60.0,0,1.1,1.4,-1.1,13,15,12,0,38,Newcastle Utd
249,Sven Botman,nl NED,DF,24-073,15.3,921,1017,90.6,17027,6760,357,382,93.5,459,489,93.9,98,132,74.2,2,1.0,0.6,1.0,5,38,1,0,35,Newcastle Utd
250,Nick Pope,eng ENG,GK,31-341,13.9,289,367,78.7,7287,4347,55,56,98.2,162,165,98.2,71,144,49.3,0,0.0,0.0,0.0,0,5,0,0,0,Newcastle Utd
251,Lewis Miley,eng ENG,MF,17-329,13.4,441,535,82.4,6580,1615,255,296,86.1,143,165,86.7,24,40,60.0,3,1.7,1.4,1.3,12,26,12,2,53,Newcastle Utd
252,Joelinton,br BRA,"MF,FW",27-224,12.6,440,528,83.3,6118,1514,261,296,88.2,138,156,88.5,16,19,84.2,1,2.0,0.7,-1.0,18,32,8,0,47,Newcastle Utd
253,Martin Dúbravka,sk SVK,GK,35-070,13.1,312,393,79.4,7475,4283,75,77,97.4,158,160,98.8,77,153,50.3,0,0.1,0.0,-0.1,1,1,0,0,0,Newcastle Utd
254,Jamaal Lascelles,eng ENG,DF,30-135,11.8,668,771,86.6,11597,3694,252,275,91.6,382,418,91.4,29,61,47.5,0,0.1,0.1,-0.1,2,38,1,0,31,Newcastle Utd
255,Valentino Livramento,eng ENG,DF,21-134,10.8,459,532,86.3,6647,1846,282,304,92.8,148,171,86.5,19,34,55.9,0,0.4,0.5,-0.4,6,29,13,3,34,Newcastle Utd
256,Callum Wilson,eng ENG,FW,32-027,9.6,91,139,65.5,1087,139,61,74,82.4,17,30,56.7,3,7,42.9,1,0.5,0.3,0.5,7,3,0,0,6,Newcastle Utd
257,Sandro Tonali,it ITA,MF,23-322,4.9,241,280,86.1,3776,870,130,141,92.2,94,109,86.2,11,19,57.9,0,0.6,0.5,-0.6,7,16,4,2,19,Newcastle Utd
258,Jacob Murphy,eng ENG,FW,29-030,5.3,119,185,64.3,1926,747,69,85,81.2,39,64,60.9,10,25,40.0,3,2.1,1.3,0.9,10,16,10,2,23,Newcastle Utd
259,Elliot Anderson,sct SCO,"MF,FW",21-140,4.8,161,195,82.6,2236,465,104,120,86.7,47,50,94.0,5,12,41.7,1,0.9,0.3,0.1,6,15,8,0,28,Newcastle Utd
260,Harvey Barnes,eng ENG,FW,26-107,4.0,100,131,76.3,1376,331,65,72,90.3,31,39,79.5,2,8,25.0,1,0.9,0.9,0.1,2,5,6,0,13,Newcastle Utd
261,Joe Willock,eng ENG,MF,24-218,3.4,103,123,83.7,1628,478,58,63,92.1,30,39,76.9,11,13,84.6,0,0.4,0.6,-0.4,5,10,3,1,12,Newcastle Utd
262,Lewis Hall,eng ENG,DF,19-199,1.2,65,83,78.3,1080,310,30,35,85.7,28,35,80.0,6,8,75.0,0,0.0,0.0,0.0,0,6,0,0,6,Newcastle Utd
263,Loris Karius,de GER,GK,30-277,1.0,21,37,56.8,507,279,4,4,100.0,14,14,100.0,3,18,16.7,0,0.0,0.0,0.0,0,0,0,0,0,Newcastle Utd
264,Matt Targett,eng ENG,DF,28-189,0.9,36,41,87.8,657,188,13,13,100.0,17,18,94.4,6,9,66.7,0,0.0,0.0,0.0,1,2,0,0,2,Newcastle Utd
265,Matt Ritchie,sct SCO,FW,34-197,1.2,50,65,76.9,664,176,32,35,91.4,15,19,78.9,2,7,28.6,0,0.0,0.0,0.0,0,4,2,0,7,Newcastle Utd
266,Emil Krafth,se SWE,DF,29-236,1.2,103,116,88.8,1508,594,58,60,96.7,42,47,89.4,2,5,40.0,0,0.5,0.4,-0.5,4,8,7,4,12,Newcastle Utd
267,Ben Parkinson,eng ENG,FW,19-015,0.3,1,3,33.3,15,0,0,1,0.0,1,2,50.0,0,0,,0,0.0,0.0,0.0,0,0,0,0,0,Newcastle Utd
268,Joe White,eng ENG,MF,21-176,0.1,9,10,90.0,141,29,6,7,85.7,2,2,100.0,1,1,100.0,0,0.0,0.0,0.0,0,2,0,0,2,Newcastle Utd
269,Paul Dummett,wls WAL,DF,32-181,0.1,8,8,100.0,124,43,4,4,100.0,4,4,100.0,0,0,,0,0.0,0.0,0.0,0,2,0,0,1,Newcastle Utd
270,Alex Murphy,ie IRL,"FW,DF",19-274,0.0,4,4,100.0,81,8,2,2,100.0,1,1,100.0,1,1,100.0,0,0.0,0.0,0.0,0,1,0,0,0,Newcastle Utd
271,Amadou Diallo,eng ENG,MF,21-039,0.0,1,1,100.0,10,0,1,1,100.0,0,0,,0,0,,0,0.0,0.0,0.0,0,0,0,0,0,Newcastle Utd
272,Michael Ndiweni,eng ENG,FW,20-114,0.0,1,2,50.0,16,15,0,0,,1,1,100.0,0,0,,0,0.0,0.0,0.0,0,0,0,0,0,Newcastle Utd
273,Conor Gallagher,eng ENG,MF,24-048,24.2,1281,1447,88.5,19217,4384,737,788,93.5,437,475,92.0,71,110,64.5,5,4.2,2.7,0.8,38,101,27,3,134,Chelsea
274,Axel Disasi,fr FRA,DF,26-014,24.7,1731,1926,89.9,29234,10027,749,781,95.9,891,951,93.7,80,151,53.0,0,0.2,0.9,-0.2,2,98,7,1,89,Chelsea
275,Thiago Silva,br BRA,DF,39-185,22.0,1630,1728,94.3,29684,11449,641,667,96.1,855,884,96.7,124,158,78.5,0,0.6,0.5,-0.6,6,99,9,0,80,Chelsea
276,Moisés Caicedo,ec ECU,MF,22-144,21.6,1261,1384,91.1,19848,5141,675,720,93.8,458,487,94.0,84,101,83.2,1,1.5,1.0,-0.5,14,114,8,0,106,Chelsea
277,Enzo Fernández,ar ARG,MF,23-068,20.8,1291,1521,84.9,23496,6707,557,606,91.9,543,607,89.5,157,220,71.4,1,2.9,3.5,-1.9,25,144,34,4,168,Chelsea
278,Raheem Sterling,eng ENG,"FW,MF",29-108,20.1,471,647,72.8,6095,1518,320,378,84.7,115,168,68.5,15,28,53.6,3,3.8,3.7,-0.8,25,25,34,7,69,Chelsea
279,Nicolas Jackson,sn SEN,FW,22-279,20.2,332,424,78.3,4016,1011,210,248,84.7,72,94,76.6,12,15,80.0,3,2.7,2.2,0.3,20,25,12,0,42,Chelsea
280,Levi Colwill,eng ENG,DF,21-028,20.0,965,1163,83.0,16310,5939,444,495,89.7,456,508,89.8,51,117,43.6,1,1.2,0.5,-0.2,7,82,6,0,73,Chelsea
281,Cole Palmer,eng ENG,"FW,MF",21-324,19.3,783,964,81.2,12795,3763,408,448,91.1,272,317,85.8,70,114,61.4,8,6.6,5.6,1.4,37,92,53,4,133,Chelsea
282,Robert Sánchez,es ESP,GK,26-128,15.9,500,609,82.1,11860,7720,135,136,99.3,250,257,97.3,112,211,53.1,0,0.0,0.0,0.0,0,8,0,0,1,Chelsea
283,Malo Gusto,fr FRA,DF,20-311,15.2,960,1117,85.9,13677,3928,589,642,91.7,309,360,85.8,40,61,65.6,5,3.2,2.3,1.8,20,37,21,10,66,Chelsea
284,Đorđe Petrović,rs SRB,GK,24-169,11.1,306,405,75.6,7424,4779,88,88,100.0,148,149,99.3,69,165,41.8,0,0.0,0.0,0.0,0,2,0,0,0,Chelsea
285,Mykhailo Mudryk,ua UKR,"FW,MF",23-080,10.1,225,335,67.2,2995,994,150,188,79.8,45,80,56.3,14,31,45.2,2,1.8,1.8,0.2,15,16,14,2,27,Chelsea
286,Marc Cucurella,es ESP,DF,25-247,8.8,479,560,85.5,7154,1964,262,289,90.7,189,210,90.0,16,35,45.7,0,0.2,0.3,-0.2,6,24,2,0,26,Chelsea
287,Ben Chilwell,eng ENG,DF,27-095,8.3,362,483,74.9,5077,1498,225,254,88.6,106,137,77.4,18,48,37.5,1,2.2,1.8,-1.2,14,29,2,2,24,Chelsea
288,Benoît Badiashile,fr FRA,DF,22-365,6.2,448,498,90.0,7789,3128,188,198,94.9,230,251,91.6,25,37,67.6,1,0.5,0.6,0.5,3,22,2,0,25,Chelsea
289,Armando Broja,al ALB,FW,22-197,5.0,83,94,88.3,932,91,60,64,93.8,15,18,83.3,1,2,50.0,0,0.2,0.3,-0.2,3,2,2,0,6,Chelsea
290,Reece James,eng ENG,DF,24-108,4.3,253,315,80.3,4003,1214,134,153,87.6,94,117,80.3,17,31,54.8,1,1.5,1.2,-0.5,10,18,6,3,20,Chelsea
291,Noni Madueke,eng ENG,FW,22-015,3.9,151,188,80.3,1872,386,104,118,88.1,38,49,77.6,1,4,25.0,0,0.6,0.6,-0.6,7,4,5,1,16,Chelsea
292,Lesley Ugochukwu,fr FRA,MF,19-365,3.0,141,167,84.4,2263,583,71,80,88.8,59,69,85.5,8,9,88.9,0,0.0,0.1,0.0,1,9,4,0,15,Chelsea
293,Christopher Nkunku,fr FRA,"FW,MF",26-132,3.5,87,99,87.9,1045,238,59,62,95.2,15,18,83.3,2,3,66.7,0,0.1,0.3,-0.1,2,4,5,0,9,Chelsea
294,Trevoh Chalobah,eng ENG,DF,24-264,2.2,90,114,78.9,1624,306,31,36,86.1,55,61,90.2,3,16,18.8,0,0.0,0.0,0.0,1,0,0,0,1,Chelsea
295,Carney Chukwuemeka,eng ENG,"MF,FW",20-157,1.9,86,101,85.1,1049,138,65,71,91.5,14,18,77.8,4,4,100.0,1,0.3,0.3,0.7,3,4,5,0,8,Chelsea
296,Ian Maatsen,nl NED,"FW,MF",22-015,2.3,97,138,70.3,1316,400,60,73,82.2,26,46,56.5,4,8,50.0,0,0.1,0.2,-0.1,2,6,2,1,8,Chelsea
297,Roméo Lavia,be BEL,MF,20-079,0.4,22,27,81.5,350,51,9,10,90.0,13,14,92.9,0,1,0.0,0,0.0,0.0,0.0,0,4,0,0,1,Chelsea
298,Cesare Casadei,it ITA,"MF,FW",21-075,0.2,17,22,77.3,274,40,8,10,80.0,9,10,90.0,0,0,,0,0.1,0.1,-0.1,1,1,0,0,1,Chelsea
299,Alfie Gilchrist,eng ENG,"DF,FW",20-118,0.2,15,21,71.4,241,59,9,14,64.3,6,6,100.0,0,0,,0,0.0,0.0,0.0,0,0,0,0,0,Chelsea
300,Deivid Washington,br BRA,DF,18-294,0.1,1,1,100.0,25,0,0,0,,1,1,100.0,0,0,,0,0.0,0.0,0.0,0,0,0,0,0,Chelsea
301,Mason Burstow,eng ENG,FW,20-234,0.1,3,4,75.0,29,1,3,3,100.0,0,0,,0,0,,0,0.0,0.0,0.0,0,0,0,0,0,Chelsea
302,Alex Matos,eng ENG,MF,19-174,0.0,0,0,,0,0,0,0,,0,0,,0,0,,0,0.0,0.0,0.0,0,0,0,0,0,Chelsea
303,Bernd Leno,de GER,GK,32-021,29.0,930,1188,78.3,22813,13709,170,170,100.0,574,577,99.5,184,435,42.3,0,0.0,0.0,0.0,0,18,0,0,0,Fulham
304,Antonee Robinson,us USA,DF,26-230,27.4,1102,1511,72.9,19890,7220,493,595,82.9,465,586,79.4,131,247,53.0,6,3.6,3.2,2.4,27,82,34,19,94,Fulham
305,Andreas Pereira,br BRA,MF,28-084,22.2,674,958,70.4,11798,3836,341,393,86.8,213,280,76.1,97,210,46.2,5,5.2,3.8,-0.2,62,69,25,6,94,Fulham
306,Timothy Castagne,be BEL,DF,28-111,22.3,1077,1322,81.5,17035,6005,569,639,89.0,413,477,86.6,71,126,56.3,2,1.2,1.2,0.8,15,59,16,7,63,Fulham
307,João Palhinha,pt POR,MF,28-260,21.8,761,926,82.2,13448,3427,362,408,88.7,305,342,89.2,78,119,65.5,1,0.4,0.7,0.6,10,64,3,1,63,Fulham
308,Willian,br BRA,FW,35-229,18.0,712,863,82.5,12568,2931,345,387,89.1,261,310,84.2,90,123,73.2,2,3.0,3.6,-1.0,34,45,53,6,124,Fulham
309,Raúl Jiménez,mx MEX,FW,32-325,14.1,221,329,67.2,2882,566,136,172,79.1,46,80,57.5,15,28,53.6,0,1.4,0.9,-1.4,10,18,8,1,17,Fulham
310,Calvin Bassey,ng NGA,DF,24-085,16.6,922,1074,85.8,17674,5885,306,322,95.0,504,552,91.3,96,166,57.8,0,0.0,0.1,0.0,1,41,1,0,36,Fulham
311,Alex Iwobi,ng NGA,"FW,MF",27-327,16.5,578,724,79.8,9325,2882,296,328,90.2,222,271,81.9,40,75,53.3,1,2.9,2.3,-1.9,35,57,30,4,106,Fulham
312,Tim Ream,us USA,DF,36-172,15.7,898,1010,88.9,17990,6481,293,316,92.7,488,531,91.9,106,139,76.3,0,0.0,0.1,0.0,0,76,1,0,65,Fulham
313,Harry Wilson,wls WAL,FW,27-003,15.7,402,524,76.7,6286,1288,220,255,86.3,121,156,77.6,41,66,62.1,4,2.9,2.3,1.1,18,28,24,7,51,Fulham
314,Bobby Reid,jm JAM,FW,31-052,13.0,305,412,74.0,4221,1141,180,205,87.8,92,131,70.2,12,29,41.4,2,1.7,1.0,0.3,13,19,15,4,37,Fulham
315,Tom Cairney,sct SCO,MF,33-065,13.8,887,1006,88.2,13751,2984,475,504,94.2,324,353,91.8,58,93,62.4,3,1.9,2.1,1.1,17,70,19,4,111,Fulham
316,Tosin Adarabioyo,eng ENG,DF,26-183,13.0,739,878,84.2,15362,5669,195,217,89.9,455,508,89.6,84,128,65.6,0,0.1,0.3,-0.1,1,30,2,0,39,Fulham
317,Issa Diop,fr FRA,DF,27-076,12.8,804,910,88.4,14951,5431,284,307,92.5,466,499,93.4,47,82,57.3,0,0.0,0.4,0.0,0,55,2,0,64,Fulham
318,Harrison Reed,eng ENG,MF,29-058,12.7,538,642,83.8,8345,1916,259,287,90.2,232,264,87.9,28,44,63.6,1,0.9,1.2,0.1,11,36,11,2,45,Fulham
319,Rodrigo Muniz,br BRA,FW,22-326,10.4,77,136,56.6,1042,258,47,71,66.2,20,38,52.6,4,6,66.7,1,1.6,0.8,-0.6,12,6,4,0,10,Fulham
320,Saša Lukić,rs SRB,MF,27-225,8.1,286,335,85.4,4598,1103,136,153,88.9,132,146,90.4,14,21,66.7,0,0.3,0.3,-0.3,5,20,3,0,27,Fulham
321,Kenny Tete,nl NED,DF,28-168,7.6,314,398,78.9,4716,1791,189,217,87.1,100,126,79.4,20,34,58.8,0,0.1,0.3,-0.1,2,32,6,5,35,Fulham
322,Carlos Vinícius,br BRA,FW,29-000,3.5,46,62,74.2,587,115,28,34,82.4,14,21,66.7,1,1,100.0,0,0.8,0.1,-0.8,5,1,0,0,3,Fulham
323,Adama Traoré,es ESP,"FW,MF",28-060,1.2,24,32,75.0,439,142,12,16,75.0,9,11,81.8,3,4,75.0,1,0.3,0.3,0.7,2,0,5,3,5,Fulham
324,Luke Harris,wls WAL,MF,18-357,0.8,11,14,78.6,172,14,5,8,62.5,4,4,100.0,1,1,100.0,0,0.0,0.0,0.0,0,0,1,0,1,Fulham
325,Fodé Ballo-Touré,sn SEN,"DF,MF",27-082,0.6,50,70,71.4,881,200,21,27,77.8,23,30,76.7,5,6,83.3,0,0.0,0.0,0.0,0,3,0,0,0,Fulham
326,Armando Broja,al ALB,FW,22-197,0.6,10,15,66.7,95,40,9,11,81.8,1,1,100.0,0,0,,1,0.4,0.0,0.6,1,2,1,0,1,Fulham
327,Aleksandar Mitrović,rs SRB,FW,29-191,0.4,4,8,50.0,78,24,1,3,33.3,2,4,50.0,1,1,100.0,0,0.0,0.0,0.0,0,1,1,0,1,Fulham
328,Illia Zabarnyi,ua UKR,DF,21-206,28.0,1144,1401,81.7,23946,8284,305,358,85.2,685,735,93.2,144,279,51.6,0,0.3,0.5,-0.3,6,106,9,0,90,Bournemouth
329,Dominic Solanke,eng ENG,FW,26-193,27.7,302,405,74.6,3712,919,203,242,83.9,65,88,73.9,8,14,57.1,3,2.5,1.6,0.5,31,20,17,3,46,Bournemouth
330,Ryan Christie,sct SCO,MF,29-032,24.3,744,989,75.2,14033,3823,300,348,86.2,329,403,81.6,101,183,55.2,4,4.5,4.0,-0.5,37,92,29,6,120,Bournemouth
331,Neto,br BRA,GK,34-250,26.0,556,852,65.3,16140,11950,81,83,97.6,292,301,97.0,182,461,39.5,0,0.0,0.0,0.0,0,16,0,0,0,Bournemouth
332,Lewis Cook,eng ENG,MF,27-051,21.0,783,1010,77.5,13987,4811,317,368,86.1,368,418,88.0,78,170,45.9,3,3.0,2.3,0.0,33,99,17,4,102,Bournemouth
333,Marcus Tavernier,eng ENG,FW,25-003,20.2,562,791,71.0,9018,2787,305,354,86.2,191,245,78.0,50,125,40.0,4,4.9,3.7,-0.9,40,38,31,7,74,Bournemouth
334,Marcos Senesi,ar ARG,DF,26-320,18.4,790,1007,78.5,16976,7069,237,262,90.5,412,460,89.6,136,247,55.1,2,0.8,2.1,1.2,13,113,21,7,88,Bournemouth
335,Antoine Semenyo,gh GHA,FW,24-078,15.8,311,437,71.2,4632,1031,177,219,80.8,109,146,74.7,14,29,48.3,1,2.3,1.4,-1.3,20,18,20,5,43,Bournemouth
336,Justin Kluivert,nl NED,"MF,FW",24-325,13.6,181,272,66.5,2721,764,90,124,72.6,64,83,77.1,11,22,50.0,0,1.5,1.1,-1.5,17,9,13,1,32,Bournemouth
337,Milos Kerkez,hu HUN,DF,20-139,16.1,472,649,72.7,7450,2337,250,293,85.3,183,255,71.8,31,68,45.6,1,0.3,0.6,0.7,6,26,11,6,31,Bournemouth
338,Adam Smith,eng ENG,DF,32-331,15.8,545,710,76.8,8837,3543,274,304,90.1,229,277,82.7,36,99,36.4,2,0.8,1.2,1.2,10,40,17,12,64,Bournemouth
339,Philip Billing,dk DEN,MF,27-288,13.8,357,467,76.4,5307,1566,207,246,84.1,102,130,78.5,29,48,60.4,2,2.9,2.0,-0.9,20,32,14,4,46,Bournemouth
340,Max Aarons,eng ENG,DF,24-081,12.1,379,501,75.6,6256,2424,186,213,87.3,156,202,77.2,31,56,55.4,1,0.8,0.9,0.2,7,22,12,2,40,Bournemouth
341,Lloyd Kelly,eng ENG,DF,25-171,11.2,450,608,74.0,8772,2793,162,196,82.7,223,265,84.2,57,121,47.1,0,0.2,0.2,-0.2,5,50,4,1,37,Bournemouth
342,Alex Scott,eng ENG,MF,20-217,7.7,238,320,74.4,3814,1113,122,151,80.8,88,103,85.4,18,45,40.0,1,0.8,0.7,0.2,12,15,8,1,33,Bournemouth
343,Dango Ouattara,bf BFA,"DF,FW",22-043,7.5,249,369,67.5,4134,1308,122,161,75.8,103,141,73.0,19,37,51.4,1,1.0,0.9,0.0,11,17,8,4,28,Bournemouth
344,Luis Sinisterra,co COL,"FW,MF",24-282,7.3,216,280,77.1,3110,747,137,160,85.6,55,63,87.3,13,20,65.0,2,2.3,1.0,-0.3,18,9,16,1,38,Bournemouth
345,Chris Mepham,wls WAL,DF,26-141,5.9,266,320,83.1,5424,1846,87,103,84.5,144,162,88.9,33,50,66.0,1,0.4,0.4,0.6,3,31,4,0,25,Bournemouth
346,Joe Rothwell,eng ENG,MF,29-074,4.3,179,216,82.9,3185,863,65,68,95.6,100,108,92.6,10,30,33.3,0,0.2,0.2,-0.2,4,20,1,0,20,Bournemouth
347,David Brooks,wls WAL,"FW,MF",26-261,3.1,95,132,72.0,1545,666,47,55,85.5,34,42,81.0,10,23,43.5,1,1.0,0.5,0.0,8,14,12,3,21,Bournemouth
348,Ionuț Radu,ro ROU,GK,26-302,2.0,56,68,82.4,1211,583,19,19,100.0,29,30,96.7,8,19,42.1,0,0.0,0.0,0.0,0,0,0,0,0,Bournemouth
349,Jaidon Anthony,eng ENG,FW,24-115,1.7,30,45,66.7,453,139,17,20,85.0,10,14,71.4,1,6,16.7,0,0.0,0.0,0.0,0,3,1,0,8,Bournemouth
350,James Hill,eng ENG,DF,22-075,0.8,27,41,65.9,530,231,12,15,80.0,8,13,61.5,5,10,50.0,0,0.0,0.0,0.0,0,6,0,0,4,Bournemouth
351,Kieffer Moore,wls WAL,"FW,MF",31-230,1.2,28,42,66.7,272,91,22,29,75.9,4,8,50.0,0,0,,0,0.2,0.3,-0.2,2,2,2,0,4,Bournemouth
352,Enes Ünal,tr TUR,"MF,FW",26-320,1.1,18,26,69.2,258,66,10,13,76.9,5,7,71.4,2,3,66.7,1,0.2,0.0,0.8,1,2,1,0,3,Bournemouth
353,Hamed Junior Traorè,ci CIV,MF,24-038,0.5,18,27,66.7,244,59,10,11,90.9,6,8,75.0,1,3,33.3,0,0.0,0.0,0.0,1,3,0,0,3,Bournemouth
354,Tyler Adams,us USA,MF,25-040,0.2,11,14,78.6,152,34,8,8,100.0,3,5,60.0,0,1,0.0,0,0.0,0.0,0.0,0,2,0,0,1,Bournemouth
355,Romain Faivre,fr FRA,"MF,DF",25-255,0.2,10,14,71.4,135,78,5,7,71.4,5,5,100.0,0,1,0.0,0,0.0,0.0,0.0,0,2,1,0,3,Bournemouth
356,Joachim Andersen,dk DEN,DF,27-299,28.0,1288,1628,79.1,28482,10557,351,403,87.1,722,792,91.2,207,395,52.4,2,1.7,1.6,0.3,14,141,16,8,121,Crystal Palace
357,Tyrick Mitchell,eng ENG,DF,24-206,26.1,844,1183,71.3,13674,5900,409,494,82.8,373,500,74.6,48,109,44.0,2,1.6,1.6,0.4,16,57,19,7,70,Crystal Palace
358,Jordan Ayew,gh GHA,"FW,MF",32-196,23.7,553,755,73.2,8059,1693,340,392,86.7,169,229,73.8,23,65,35.4,6,4.0,2.5,2.0,23,35,24,10,58,Crystal Palace
359,Jefferson Lerma,co COL,MF,29-152,22.5,847,1044,81.1,13041,4071,464,530,87.5,299,366,81.7,57,91,62.6,1,2.2,1.9,-1.2,23,97,19,3,91,Crystal Palace
360,Marc Guéhi,eng ENG,DF,23-256,21.2,1073,1239,86.6,21710,7619,331,370,89.5,611,647,94.4,124,203,61.1,1,0.5,0.9,0.5,5,80,4,0,58,Crystal Palace
361,Sam Johnstone,eng ENG,GK,31-000,20.0,343,599,57.3,11568,8793,45,46,97.8,143,147,97.3,155,401,38.7,0,0.0,0.0,0.0,0,13,0,0,0,Crystal Palace
362,Joel Ward,eng ENG,DF,34-148,18.8,630,829,76.0,10446,4810,318,354,89.8,264,325,81.2,41,116,35.3,1,0.2,0.2,0.8,3,62,7,3,60,Crystal Palace
363,Odsonne Édouard,fr FRA,"FW,MF",26-069,15.9,218,314,69.4,2700,602,146,185,78.9,52,71,73.2,6,10,60.0,0,1.1,0.9,-1.1,16,10,13,1,32,Crystal Palace
364,Jeffrey Schlupp,gh GHA,"FW,MF",31-093,13.6,216,291,74.2,3011,790,131,163,80.4,73,86,84.9,6,22,27.3,1,1.7,1.2,-0.7,15,15,6,0,28,Crystal Palace
365,Chris Richards,us USA,"DF,MF",23-363,16.3,460,564,81.6,8041,2329,206,241,85.5,206,236,87.3,41,64,64.1,0,0.2,0.1,-0.2,3,25,1,0,26,Crystal Palace
366,Jean-Philippe Mateta,fr FRA,FW,26-271,16.7,206,288,71.5,2613,554,130,164,79.3,55,81,67.9,4,4,100.0,4,2.5,1.1,1.5,24,6,11,2,17,Crystal Palace
367,Eberechi Eze,eng ENG,"MF,FW",25-270,14.6,438,569,77.0,7095,1977,215,247,87.0,165,196,84.2,41,89,46.1,1,2.9,3.1,-1.9,37,30,25,3,59,Crystal Palace
368,Will Hughes,eng ENG,MF,28-343,14.6,481,576,83.5,6861,1880,265,299,88.6,181,202,89.6,16,41,39.0,0,0.8,1.3,-0.8,17,45,11,2,43,Crystal Palace
369,Cheick Doucouré,ml MLI,MF,24-077,10.2,367,422,87.0,5725,1849,200,222,90.1,146,165,88.5,18,24,75.0,0,0.7,0.8,-0.7,10,39,5,0,49,Crystal Palace
370,Michael Olise,fr FRA,"FW,MF",22-104,8.4,302,429,70.4,4994,1552,164,189,86.8,87,118,73.7,37,82,45.1,3,3.3,2.9,-0.3,22,27,17,3,38,Crystal Palace
371,Dean Henderson,eng ENG,GK,27-013,8.0,142,237,59.9,4269,3136,22,22,100.0,77,79,97.5,43,136,31.6,0,0.0,0.0,0.0,0,5,1,0,0,Crystal Palace
372,Nathaniel Clyne,eng ENG,DF,32-355,8.0,257,322,79.8,3855,1642,143,156,91.7,91,110,82.7,17,29,58.6,0,0.0,0.1,0.0,1,21,2,1,18,Crystal Palace
373,Daniel Muñoz,co COL,"DF,MF",27-304,6.0,183,232,78.9,2534,932,117,136,86.0,58,78,74.4,6,12,50.0,1,0.5,0.3,0.5,7,4,2,0,13,Crystal Palace
374,Adam Wharton,eng ENG,MF,19-297,5.1,136,182,74.7,2482,831,56,68,82.4,62,72,86.1,15,28,53.6,0,0.6,0.5,-0.6,10,11,4,2,19,Crystal Palace
375,Jaïro Riedewald,nl NED,"MF,FW",27-198,2.0,48,65,73.8,779,159,24,26,92.3,21,26,80.8,2,8,25.0,0,0.0,0.0,0.0,0,1,1,0,4,Crystal Palace
376,Matheus França,br BRA,"MF,FW",19-359,2.6,51,79,64.6,910,256,20,29,69.0,24,29,82.8,5,13,38.5,1,0.9,0.5,0.1,6,4,2,0,8,Crystal Palace
377,Naouirou Ahamada,fr FRA,"MF,FW",21-362,2.6,87,109,79.8,1249,306,48,56,85.7,32,37,86.5,2,4,50.0,0,0.0,0.1,0.0,1,2,0,0,11,Crystal Palace
378,Jesurun Rak Sakyi,eng ENG,"MF,FW",21-172,1.5,37,50,74.0,535,79,24,28,85.7,11,16,68.8,2,3,66.7,0,0.2,0.1,-0.2,2,2,0,0,2,Crystal Palace
379,David Ozoh,eng ENG,MF,18-299,1.5,40,43,93.0,576,82,17,18,94.4,21,21,100.0,0,0,,0,0.0,0.0,0.0,0,3,0,0,3,Crystal Palace
380,James Tomkins,eng ENG,DF,34-362,0.1,8,11,72.7,99,29,7,8,87.5,1,3,33.3,0,0,,0,0.0,0.0,0.0,0,0,0,0,0,Crystal Palace
381,Remi Matthews,eng ENG,GK,30-044,0.0,0,5,0.0,0,0,0,0,,0,0,,0,5,0.0,0,0.0,0.0,0.0,0,0,0,0,0,Crystal Palace
382,Mark Flekken,nl NED,GK,30-286,27.5,861,1221,70.5,24759,17026,131,133,98.5,432,436,99.1,295,645,45.7,1,0.2,0.1,0.8,1,32,1,0,4,Brentford
383,Vitaly Janelt,de GER,"MF,DF",25-320,25.7,805,1041,77.3,12868,3777,434,503,86.3,286,364,78.6,62,112,55.4,2,3.9,2.6,-1.9,27,71,23,10,88,Brentford
384,Christian Nørgaard,dk DEN,MF,30-015,24.2,1008,1281,78.7,16337,5397,525,601,87.4,394,488,80.7,71,131,54.2,1,1.7,2.1,-0.7,21,102,24,3,146,Brentford
385,Ethan Pinnock,jm JAM,DF,30-301,23.0,1006,1207,83.3,19079,6392,331,388,85.3,569,619,91.9,85,154,55.2,0,1.0,0.7,-1.0,4,69,4,0,54,Brentford
386,Yoane Wissa,cd COD,FW,27-204,21.1,234,327,71.6,3095,818,144,181,79.6,64,91,70.3,10,16,62.5,1,2.2,1.4,-1.2,20,19,10,3,31,Brentford
387,Nathan Collins,ie IRL,DF,22-330,21.5,960,1181,81.3,17622,6270,349,399,87.5,509,580,87.8,83,159,52.2,1,1.5,0.7,-0.5,7,55,4,0,71,Brentford
388,Mathias Jensen,dk DEN,MF,28-084,17.7,622,864,72.0,12339,4403,251,299,83.9,244,315,77.5,107,196,54.6,3,3.0,3.4,0.0,30,56,25,5,84,Brentford
389,Mads Roerslev,dk DEN,DF,24-275,16.3,365,561,65.1,6308,2090,174,226,77.0,146,223,65.5,39,75,52.0,2,1.3,1.0,0.7,12,20,21,19,30,Brentford
390,Bryan Mbeumo,cm CMR,FW,24-231,14.4,372,539,69.0,5741,1829,216,261,82.8,106,159,66.7,36,69,52.2,3,2.8,3.9,0.2,23,19,28,2,66,Brentford
391,Ben Mee,eng ENG,DF,34-186,14.1,511,667,76.6,9030,3658,218,249,87.6,235,285,82.5,49,103,47.6,0,0.3,0.7,-0.3,6,45,4,2,49,Brentford
392,Kristoffer Ajer,no NOR,DF,25-343,14.4,428,583,73.4,7354,2708,198,236,83.9,185,235,78.7,38,86,44.2,1,2.2,2.4,-1.2,10,43,6,2,46,Brentford
393,Neal Maupay,fr FRA,FW,27-224,13.4,254,352,72.2,3568,835,155,188,82.4,60,83,72.3,19,28,67.9,3,2.3,2.2,0.7,14,15,17,2,34,Brentford
394,Frank Onyeka,ng NGA,MF,26-084,12.7,287,377,76.1,4470,1101,152,174,87.4,110,143,76.9,17,33,51.5,2,1.8,1.4,0.2,11,22,10,4,33,Brentford
395,Keane Lewis-Potter,eng ENG,"FW,DF",23-032,11.5,210,299,70.2,3150,751,116,149,77.9,71,95,74.7,15,37,40.5,1,1.5,1.6,-0.5,10,9,13,3,27,Brentford
396,Ivan Toney,eng ENG,FW,28-009,10.0,141,274,51.5,1828,669,84,143,58.7,30,60,50.0,10,18,55.6,0,1.0,0.8,-1.0,8,9,12,5,25,Brentford
397,Aaron Hickey,sct SCO,DF,21-289,7.9,243,277,87.7,3813,894,134,140,95.7,92,106,86.8,14,20,70.0,0,0.1,0.1,-0.1,1,10,2,0,21,Brentford
398,Saman Ghoddos,ir IRN,DF,30-201,7.9,313,430,72.8,5371,1643,155,176,88.1,129,163,79.1,26,77,33.8,0,1.1,0.9,-1.1,9,27,9,4,32,Brentford
399,Mathias Jørgensen,dk DEN,DF,33-337,7.1,257,351,73.2,4281,2106,129,146,88.4,105,141,74.5,19,47,40.4,0,0.5,0.3,-0.5,2,38,6,1,35,Brentford
400,Sergio Reguilón,es ESP,DF,27-100,5.7,119,193,61.7,1971,838,56,76,73.7,43,67,64.2,13,28,46.4,1,1.1,0.7,-0.1,6,2,7,6,6,Brentford
401,Rico Henry,eng ENG,DF,26-261,4.5,147,183,80.3,2291,763,82,94,87.2,51,61,83.6,11,19,57.9,1,1.0,0.8,0.0,4,10,7,2,20,Brentford
402,Yehor Yarmoliuk,ua UKR,MF,20-024,5.2,144,196,73.5,2194,557,76,89,85.4,53,71,74.6,6,17,35.3,0,0.0,0.5,0.0,2,12,6,0,28,Brentford
403,Kevin Schade,de GER,"FW,MF",22-119,2.9,43,71,60.6,624,171,27,36,75.0,15,25,60.0,1,2,50.0,0,0.4,0.4,-0.4,3,7,3,2,9,Brentford
404,Mikkel Damsgaard,dk DEN,MF,23-266,4.0,142,210,67.6,2369,853,69,93,74.2,56,72,77.8,13,32,40.6,1,0.8,0.5,0.2,7,24,4,1,32,Brentford
405,Shandon Baptiste,gd GRN,MF,25-352,2.5,66,90,73.3,1144,351,33,39,84.6,25,28,89.3,7,15,46.7,1,0.2,0.4,0.8,4,7,3,2,5,Brentford
406,Thomas Strakosha,al ALB,GK,29-006,1.5,52,71,73.2,1509,977,6,6,100.0,27,28,96.4,19,37,51.4,0,0.0,0.0,0.0,0,1,0,0,0,Brentford
407,Michael Olakigbe,eng ENG,"DF,FW",19-335,0.7,27,40,67.5,347,74,17,20,85.0,7,10,70.0,1,5,20.0,0,0.0,0.0,0.0,0,2,1,0,4,Brentford
408,Josh Dasilva,eng ENG,"DF,FW",25-154,0.3,10,19,52.6,153,59,5,7,71.4,5,7,71.4,0,2,0.0,0,0.2,0.2,-0.2,1,0,0,0,2,Brentford
409,Myles Peart-Harris,eng ENG,"DF,MF",21-189,0.1,6,10,60.0,68,10,5,5,100.0,1,2,50.0,0,2,0.0,0,0.0,0.0,0.0,1,1,0,0,1,Brentford
410,Jordan Pickford,eng ENG,GK,30-018,28.0,756,1151,65.7,25058,19837,113,113,100.0,293,304,96.4,348,725,48.0,0,0.1,0.3,-0.1,4,67,5,0,5,Everton
411,James Tarkowski,eng ENG,DF,31-127,28.0,905,1178,76.8,19369,8216,297,354,83.9,438,508,86.2,159,273,58.2,1,1.8,1.6,-0.8,17,99,18,3,106,Everton
412,James Garner,eng ENG,MF,23-012,25.7,754,972,77.6,13008,3671,349,398,87.7,306,357,85.7,78,156,50.0,2,4.2,3.3,-2.2,37,82,19,5,86,Everton
413,Jarrad Branthwaite,eng ENG,DF,21-272,25.0,805,1018,79.1,14945,5523,316,365,86.6,391,452,86.5,81,155,52.3,0,0.9,1.0,-0.9,3,40,1,0,47,Everton
414,Vitaliy Mykolenko,ua UKR,DF,24-301,22.9,722,970,74.4,11122,4638,408,461,88.5,232,317,73.2,61,131,46.6,0,0.7,0.9,-0.7,11,34,14,9,46,Everton
415,Dwight McNeil,eng ENG,"MF,FW",24-124,22.4,584,862,67.7,9949,3283,309,357,86.6,180,255,70.6,77,175,44.0,5,7.0,5.5,-2.0,47,50,38,17,84,Everton
416,Abdoulaye Doucouré,ml MLI,"FW,MF",31-084,20.4,461,603,76.5,6431,1516,263,311,84.6,156,191,81.7,16,40,40.0,0,2.5,1.1,-2.5,28,34,12,1,66,Everton
417,Jack Harrison,eng ENG,"MF,FW",27-126,19.2,301,482,62.4,4335,1791,177,220,80.5,96,153,62.7,17,54,31.5,3,3.1,2.5,-0.1,21,26,28,9,47,Everton
418,Dominic Calvert-Lewin,eng ENG,FW,27-009,17.6,183,325,56.3,2207,473,128,199,64.3,39,78,50.0,5,9,55.6,1,1.6,0.7,-0.6,15,11,9,0,24,Everton
419,Ashley Young,eng ENG,"DF,MF",38-260,17.0,511,743,68.8,9196,4176,228,258,88.4,212,278,76.3,62,164,37.8,0,1.2,1.3,-1.2,17,40,20,11,60,Everton
420,Amadou Onana,be BEL,MF,22-222,18.5,682,811,84.1,11502,3211,349,386,90.4,238,277,85.9,72,97,74.2,0,2.5,1.2,-2.5,17,76,11,1,88,Everton
421,Idrissa Gana Gueye,sn SEN,MF,34-181,14.5,503,603,83.4,7837,2008,241,274,88.0,225,257,87.5,25,43,58.1,0,0.7,0.6,-0.7,10,45,6,1,55,Everton
422,Nathan Patterson,sct SCO,DF,22-161,10.7,367,512,71.7,5741,2638,207,236,87.7,115,170,67.6,35,82,42.7,2,1.7,1.0,0.3,8,30,14,6,37,Everton
423,Ben Godfrey,eng ENG,DF,26-070,7.4,213,308,69.2,3761,1647,88,111,79.3,105,131,80.2,15,45,33.3,0,0.2,0.4,-0.2,2,19,4,1,27,Everton
424,Beto,gw GNB,FW,26-054,8.3,91,149,61.1,1213,291,55,79,69.6,29,45,64.4,4,5,80.0,0,0.9,0.3,-0.9,11,7,6,0,14,Everton
425,Arnaut Danjuma,nl NED,"MF,FW",27-054,6.6,102,152,67.1,1420,357,57,69,82.6,37,54,68.5,2,7,28.6,0,1.1,0.4,-1.1,6,6,2,0,9,Everton
426,Michael Keane,eng ENG,DF,31-074,4.5,152,195,77.9,3188,1127,40,51,78.4,88,101,87.1,21,37,56.8,0,0.0,0.1,0.0,0,12,0,0,10,Everton
427,Séamus Coleman,ie IRL,DF,35-166,2.6,63,101,62.4,1015,525,36,47,76.6,23,31,74.2,4,17,23.5,0,0.0,0.1,0.0,0,6,1,0,12,Everton
428,Alex Iwobi,ng NGA,MF,27-327,1.6,27,42,64.3,545,179,13,14,92.9,7,10,70.0,7,15,46.7,0,0.2,0.4,-0.2,4,1,3,1,4,Everton
429,Lewis Dobbin,eng ENG,MF,21-082,2.3,37,57,64.9,464,94,26,30,86.7,8,15,53.3,2,5,40.0,0,0.4,0.1,-0.4,3,0,3,1,3,Everton
430,André Gomes,pt POR,"MF,FW",30-239,2.2,72,99,72.7,1240,439,37,48,77.1,29,36,80.6,5,12,41.7,0,0.4,0.2,-0.4,3,9,4,1,15,Everton
431,Neal Maupay,fr FRA,FW,27-224,1.2,22,26,84.6,353,14,12,13,92.3,8,9,88.9,1,1,100.0,0,0.1,0.0,-0.1,1,0,0,0,0,Everton
432,Youssef Chermiti,pt POR,FW,19-306,0.8,14,21,66.7,210,36,7,11,63.6,7,9,77.8,0,0,,0,0.4,0.0,-0.4,1,0,2,0,4,Everton
433,Thomas Cannon,ie IRL,FW,21-088,0.0,0,0,,0,0,0,0,,0,0,,0,0,,0,0.0,0.0,0.0,0,0,0,0,0,Everton
434,Tyler Onyango,eng ENG,MF,21-021,0.0,0,0,,0,0,0,0,,0,0,,0,0,,0,0.0,0.0,0.0,0,0,0,0,0,Everton
435,Thomas Kaminski,be BEL,GK,31-154,29.0,663,1142,58.1,20836,16767,129,130,99.2,262,274,95.6,268,729,36.8,0,0.0,0.1,0.0,0,36,1,0,1,Luton Town
436,Alfie Doughty,eng ENG,DF,24-095,23.7,823,1258,65.4,15462,6035,372,430,86.5,304,409,74.3,125,325,38.5,7,5.3,4.6,1.7,57,58,28,16,78,Luton Town
437,Carlton Morris,eng ENG,"FW,MF",28-100,22.8,345,553,62.4,4510,834,221,306,72.2,92,149,61.7,13,23,56.5,4,2.7,1.3,1.3,20,23,10,0,44,Luton Town
438,Ross Barkley,eng ENG,MF,30-111,21.8,889,1086,81.9,15930,4782,390,437,89.2,349,391,89.3,112,177,63.3,3,3.5,2.3,-0.5,39,97,22,1,121,Luton Town
439,Amari'i Bell,jm JAM,DF,29-325,19.1,645,835,77.2,10680,4470,324,372,87.1,270,315,85.7,44,108,40.7,0,0.5,0.4,-0.5,8,63,8,0,76,Luton Town
440,Teden Mengi,eng ENG,DF,21-330,20.3,534,696,76.7,10453,4072,195,228,85.5,264,304,86.8,65,135,48.1,0,0.2,0.5,-0.2,4,44,4,0,44,Luton Town
441,Chiedozie Ogbene,ie IRL,"MF,DF",26-329,21.1,561,749,74.9,7696,2171,355,396,89.6,162,220,73.6,19,52,36.5,1,3.1,3.5,-2.1,24,20,18,5,47,Luton Town
442,Issa Kaboré,bf BFA,DF,22-318,15.8,423,605,69.9,6492,2646,225,268,84.0,155,225,68.9,26,55,47.3,2,1.9,1.7,0.1,12,23,16,11,45,Luton Town
443,Gabriel Osho,ng NGA,DF,25-224,15.5,420,521,80.6,7824,2781,140,160,87.5,255,288,88.5,24,62,38.7,0,0.1,0.1,-0.1,1,17,1,0,25,Luton Town
444,Tom Lockyer,wls WAL,DF,29-113,13.0,301,422,71.3,6628,3120,81,104,77.9,158,189,83.6,57,113,50.4,1,0.6,0.3,0.4,3,37,4,0,37,Luton Town
445,Elijah Adebayo,eng ENG,FW,26-078,12.9,128,177,72.3,1627,336,84,105,80.0,35,52,67.3,3,6,50.0,0,0.7,0.4,-0.7,14,7,3,0,19,Luton Town
446,Marvelous Nakamba,zw ZIM,MF,30-066,12.6,356,423,84.2,5622,1605,184,203,90.6,126,143,88.1,27,42,64.3,0,0.4,0.5,-0.4,7,27,2,1,36,Luton Town
447,Reece Burke,eng ENG,DF,27-205,12.5,365,484,75.4,6774,2602,130,166,78.3,193,228,84.6,33,68,48.5,3,0.9,0.4,2.1,8,33,5,1,41,Luton Town
448,Tahith Chong,nl NED,MF,24-112,14.2,281,354,79.4,4476,1108,144,167,86.2,99,122,81.1,25,37,67.6,0,0.4,1.2,-0.4,8,22,15,8,51,Luton Town
449,Jacob Brown,sct SCO,"MF,FW",25-350,11.3,136,247,55.1,1865,626,91,127,71.7,35,56,62.5,6,24,25.0,0,0.7,0.4,-0.7,8,6,3,1,19,Luton Town
450,Albert Sambi Lokonga,be BEL,MF,24-155,9.7,437,500,87.4,7328,2120,202,220,91.8,165,186,88.7,38,50,76.0,2,1.3,0.6,0.7,7,51,4,0,47,Luton Town
451,Andros Townsend,eng ENG,"MF,FW",32-253,9.7,225,325,69.2,3926,1015,99,116,85.3,92,121,76.0,24,60,40.0,3,1.0,1.6,2.0,13,21,10,7,28,Luton Town
452,Pelly Ruddock Mpanzu,cd COD,MF,30-252,10.2,220,302,72.8,3781,986,97,113,85.8,92,118,78.0,16,35,45.7,0,0.4,1.4,-0.4,6,16,13,2,33,Luton Town
453,Jordan Clark,eng ENG,MF,30-185,8.3,199,280,71.1,3465,988,85,111,76.6,75,91,82.4,23,43,53.5,1,0.8,0.8,0.2,5,10,7,1,27,Luton Town
454,Ryan John Giles,eng ENG,"DF,MF",24-059,5.6,140,218,64.2,2294,949,74,85,87.1,56,85,65.9,9,39,23.1,0,0.2,0.6,-0.2,5,10,10,6,17,Luton Town
455,Mads Juel Andersen,dk DEN,DF,26-089,4.4,87,117,74.4,1570,766,41,47,87.2,37,48,77.1,9,19,47.4,0,0.0,0.0,0.0,0,7,0,0,7,Luton Town
456,Cauley Woodrow,eng ENG,"FW,MF",29-114,3.3,64,96,66.7,776,91,43,54,79.6,12,20,60.0,1,7,14.3,0,0.4,0.5,-0.4,5,2,1,1,4,Luton Town
457,Daiki Hashioka,jp JPN,DF,24-313,1.5,47,61,77.0,813,330,22,25,88.0,21,26,80.8,4,6,66.7,0,0.0,0.0,0.0,0,2,0,0,2,Luton Town
458,Luke Berry,eng ENG,"MF,DF",31-257,0.8,16,32,50.0,233,81,10,12,83.3,5,11,45.5,1,6,16.7,0,0.1,0.1,-0.1,1,0,0,0,1,Luton Town
459,Zack Nelson,eng ENG,MF,19-183,0.0,1,1,100.0,13,0,1,1,100.0,0,0,,0,0,,0,0.0,0.0,0.0,0,0,0,0,0,Luton Town
460,Morgan Gibbs-White,eng ENG,"MF,FW",24-058,26.5,701,1041,67.3,12137,4140,344,430,80.0,223,309,72.2,98,207,47.3,5,6.0,4.5,-1.0,51,70,27,7,118,Nott'ham Forest
461,Murillo,br BRA,DF,21-265,22.2,778,1022,76.1,15992,7097,264,302,87.4,396,460,86.1,110,234,47.0,1,1.2,0.6,-0.2,5,71,10,0,71,Nott'ham Forest
462,Anthony Elanga,se SWE,"FW,MF",21-333,21.5,359,537,66.9,4869,1106,221,284,77.8,111,167,66.5,10,19,52.6,7,5.7,3.1,1.3,26,19,19,4,37,Nott'ham Forest
463,Orel Mangala,be BEL,MF,26-007,17.4,570,646,88.2,9021,2312,292,321,91.0,225,247,91.1,37,47,78.7,0,0.2,0.3,-0.2,6,39,1,0,45,Nott'ham Forest
464,Nicolás Domínguez,ar ARG,"MF,FW",25-271,15.0,591,704,83.9,9021,2626,310,349,88.8,212,251,84.5,38,50,76.0,2,1.0,1.3,1.0,10,46,16,1,77,Nott'ham Forest
465,Matt Turner,us USA,GK,29-275,17.0,398,578,68.9,12363,9869,87,87,100.0,147,151,97.4,162,330,49.1,0,0.0,0.0,0.0,0,10,0,0,0,Nott'ham Forest
466,Ryan Yates,eng ENG,MF,26-125,15.8,450,582,77.3,7134,1806,226,274,82.5,177,217,81.6,26,45,57.8,0,0.2,0.5,-0.2,4,46,4,0,53,Nott'ham Forest
467,Harry Toffolo,eng ENG,DF,28-219,14.7,386,535,72.1,6408,2719,190,224,84.8,142,194,73.2,40,89,44.9,3,1.5,1.2,1.5,18,37,10,10,35,Nott'ham Forest
468,Willy Boly,ci CIV,DF,33-051,12.1,412,549,75.0,7486,3284,172,192,89.6,193,247,78.1,37,88,42.0,0,1.0,0.7,-1.0,5,26,7,0,22,Nott'ham Forest
469,Moussa Niakhate,sn SEN,DF,28-017,12.9,473,604,78.3,8854,3164,176,188,93.6,243,307,79.2,50,95,52.6,0,0.1,0.2,-0.1,3,25,5,1,30,Nott'ham Forest
470,Neco Williams,wls WAL,DF,22-347,12.9,322,512,62.9,5158,2222,172,204,84.3,114,186,61.3,26,75,34.7,1,1.5,1.4,-0.5,8,28,11,8,34,Nott'ham Forest
471,Danilo,br BRA,"MF,FW",22-331,12.5,392,493,79.5,7069,1860,166,198,83.8,170,190,89.5,46,70,65.7,0,0.4,0.4,-0.4,5,53,10,0,52,Nott'ham Forest
472,Taiwo Awoniyi,ng NGA,FW,26-226,11.4,122,170,71.8,1557,307,84,107,78.5,34,47,72.3,3,5,60.0,3,1.7,0.9,1.3,10,6,3,0,14,Nott'ham Forest
473,Ola Aina,ng NGA,DF,27-169,11.0,290,392,74.0,4606,1841,154,173,89.0,112,143,78.3,18,50,36.0,1,0.5,0.4,0.5,5,22,3,1,30,Nott'ham Forest
474,Ibrahim Sangaré,ci CIV,MF,26-114,10.4,295,370,79.7,4820,1488,155,175,88.6,100,120,83.3,30,46,65.2,0,0.3,0.4,-0.3,6,32,5,0,39,Nott'ham Forest
475,Callum Hudson-Odoi,eng ENG,"FW,MF",23-139,12.1,328,424,77.4,5127,1046,189,211,89.6,98,133,73.7,30,54,55.6,1,1.8,1.2,-0.8,21,12,18,5,33,Nott'ham Forest
476,Chris Wood,nz NZL,FW,32-109,11.5,159,255,62.4,1976,451,99,148,66.9,41,64,64.1,5,8,62.5,1,1.7,1.0,-0.7,17,10,2,0,16,Nott'ham Forest
477,Serge Aurier,ci CIV,"DF,MF",31-092,9.3,348,448,77.7,5238,2147,191,225,84.9,130,156,83.3,17,45,37.8,2,0.5,0.5,1.5,4,31,9,4,47,Nott'ham Forest
478,Matz Sels,be BEL,GK,32-028,7.0,110,167,65.9,3239,2437,30,30,100.0,40,40,100.0,40,97,41.2,0,0.0,0.0,0.0,0,5,1,0,0,Nott'ham Forest
479,Gonzalo Montiel,ar ARG,DF,27-084,5.5,202,265,76.2,3232,1348,105,116,90.5,79,109,72.5,13,30,43.3,2,0.6,0.3,1.4,5,19,6,0,20,Nott'ham Forest
480,Andrew Omobamidele,ie IRL,DF,21-276,5.5,164,190,86.3,3076,832,54,64,84.4,100,110,90.9,10,14,71.4,0,0.0,0.0,0.0,1,5,0,0,6,Nott'ham Forest
481,Divock Origi,be BEL,FW,28-342,5.2,67,106,63.2,1022,272,42,58,72.4,14,25,56.0,8,10,80.0,1,2.1,0.8,-1.1,7,5,5,1,11,Nott'ham Forest
482,Nuno Tavares,pt POR,DF,24-059,5.1,197,267,73.8,2877,1074,116,134,86.6,68,93,73.1,10,27,37.0,0,0.5,0.4,-0.5,2,14,2,0,24,Nott'ham Forest
483,Odisseas Vlachodimos,gr GRE,GK,29-334,5.0,141,176,80.1,3965,2847,21,21,100.0,73,73,100.0,47,80,58.8,0,0.0,0.0,0.0,1,0,0,0,1,Nott'ham Forest
484,Joe Worrall,eng ENG,DF,27-075,4.9,138,164,84.1,2910,1068,25,30,83.3,98,105,93.3,14,27,51.9,0,0.2,0.3,-0.2,2,5,0,0,8,Nott'ham Forest
485,Scott McKenna,sct SCO,DF,27-134,4.6,137,186,73.7,2769,1280,38,48,79.2,82,109,75.2,17,28,60.7,0,0.2,0.2,-0.2,3,10,3,0,10,Nott'ham Forest
486,Felipe,br BRA,DF,34-314,3.2,131,154,85.1,2595,1028,47,52,90.4,62,68,91.2,18,29,62.1,0,0.1,0.0,-0.1,2,6,0,0,3,Nott'ham Forest
487,Brennan Johnson,wls WAL,"FW,MF",22-307,2.6,47,61,77.0,671,143,25,29,86.2,17,22,77.3,2,2,100.0,0,0.2,0.0,-0.2,1,2,0,0,1,Nott'ham Forest
488,Cheikhou Kouyaté,sn SEN,MF,34-095,2.3,47,74,63.5,604,159,32,43,74.4,11,19,57.9,1,2,50.0,0,0.0,0.0,0.0,1,3,0,0,5,Nott'ham Forest
489,Gio Reyna,us USA,"MF,FW",21-133,0.5,36,42,85.7,518,55,22,22,100.0,10,11,90.9,2,2,100.0,0,0.1,0.0,-0.1,1,2,0,0,1,Nott'ham Forest
490,Andrey Santos,br BRA,MF,19-327,0.1,6,6,100.0,90,31,4,4,100.0,2,2,100.0,0,0,,0,0.0,0.0,0.0,0,1,0,0,0,Nott'ham Forest
491,Brandon Aguilera,cr CRC,FW,20-271,0.1,4,8,50.0,48,23,3,6,50.0,1,2,50.0,0,0,,0,0.0,0.0,0.0,0,1,0,0,0,Nott'ham Forest
492,Rodrigo Ribeiro,pt POR,FW,18-332,0.0,2,2,100.0,29,0,1,1,100.0,1,1,100.0,0,0,,0,0.0,0.0,0.0,0,0,0,0,0,Nott'ham Forest
493,James Trafford,eng ENG,GK,21-167,28.0,1009,1541,65.5,23601,16311,318,323,98.5,451,464,97.2,235,735,32.0,0,0.0,0.1,0.0,0,24,1,0,6,Burnley
494,Sander Berge,no NOR,MF,26-040,24.4,906,1054,86.0,15549,3071,396,451,87.8,407,451,90.2,80,102,78.4,1,1.2,0.9,-0.2,18,74,10,1,104,Burnley
495,Zeki Amdouni,ch SUI,FW,23-112,19.8,358,456,78.5,5753,1102,188,234,80.3,132,152,86.8,24,33,72.7,1,1.4,1.2,-0.4,15,27,9,0,46,Burnley
496,Dara O'Shea,ie IRL,DF,25-021,24.4,1074,1352,79.4,21378,7962,345,413,83.5,589,660,89.2,129,238,54.2,3,1.5,0.6,1.5,9,111,3,1,99,Burnley
497,Josh Brownhill,eng ENG,MF,28-097,22.5,744,974,76.4,11670,3019,387,458,84.5,277,350,79.1,49,105,46.7,1,1.8,1.9,-0.8,28,58,14,0,78,Burnley
498,Charlie Taylor,eng ENG,DF,30-189,20.1,797,1038,76.8,13458,4389,416,473,87.9,302,385,78.4,66,137,48.2,1,1.0,1.1,0.0,10,56,14,10,68,Burnley
499,Vitinho,br BRA,"DF,MF",24-246,18.8,551,768,71.7,8762,2853,297,349,85.1,211,301,70.1,32,62,51.6,0,0.3,0.8,-0.3,7,36,13,1,57,Burnley
500,Wilson Odobert,fr FRA,"MF,FW",19-118,14.7,240,322,74.5,3104,726,163,191,85.3,67,86,77.9,3,10,30.0,2,1.5,2.1,0.5,20,10,9,1,26,Burnley
501,Jordan Beyer,de GER,DF,23-311,13.7,766,861,89.0,14232,3759,270,298,90.6,421,446,94.4,64,92,69.6,1,0.3,0.2,0.7,3,28,1,0,25,Burnley
502,Josh Cullen,ie IRL,MF,27-353,14.0,707,832,85.0,11028,2569,388,421,92.2,273,303,90.1,32,69,46.4,1,0.8,1.4,0.2,11,57,12,1,68,Burnley
503,Lyle Foster,za RSA,FW,23-204,12.6,168,258,65.1,2450,375,101,144,70.1,51,70,72.9,9,14,64.3,3,1.3,0.6,1.7,10,10,4,0,16,Burnley
504,Luca Koleosho,it ITA,"MF,FW",19-192,10.8,192,274,70.1,2509,475,126,153,82.4,56,79,70.9,2,9,22.2,1,1.3,1.1,-0.3,11,9,6,2,19,Burnley
505,Ameen Al-Dakhil,be BEL,DF,22-019,11.7,537,637,84.3,9642,2939,208,220,94.5,280,321,87.2,42,77,54.5,0,0.1,0.6,-0.1,2,13,2,0,35,Burnley
506,Jóhann Berg Guðmundsson,is ISL,MF,33-150,11.7,330,456,72.4,6259,1953,132,150,88.0,135,169,79.9,51,106,48.1,2,2.3,2.1,-0.3,31,33,15,4,52,Burnley
507,Connor Roberts,wls WAL,DF,28-184,9.1,395,495,79.8,6987,2370,162,182,89.0,194,222,87.4,34,67,50.7,1,0.2,0.4,0.8,7,32,8,2,38,Burnley
508,Jay Rodriguez,eng ENG,FW,34-240,8.1,119,186,64.0,1655,337,73,101,72.3,33,47,70.2,7,23,30.4,1,0.2,0.1,0.8,4,13,2,0,14,Burnley
509,Jacob Bruun Larsen,dk DEN,"MF,FW",25-188,7.4,223,302,73.8,3381,731,130,160,81.3,67,88,76.1,18,30,60.0,0,0.7,1.2,-0.7,13,5,8,1,22,Burnley
510,Lorenz Assignon,tg TOG,DF,23-277,6.9,152,224,67.9,2192,847,84,108,77.8,60,82,73.2,2,16,12.5,1,2.2,0.9,-1.2,9,8,4,3,11,Burnley
511,David Datro Fofana,ci CIV,FW,21-094,6.6,64,101,63.4,834,164,38,58,65.5,18,23,78.3,2,2,100.0,1,1.7,0.1,-0.7,5,4,2,0,6,Burnley
512,Maxime Estève,fr FRA,DF,21-304,6.1,246,311,79.1,4473,1314,94,111,84.7,135,153,88.2,15,35,42.9,0,0.0,0.0,0.0,0,15,0,0,16,Burnley
513,Hannes Delcroix,be BEL,DF,25-026,6.5,300,350,85.7,4932,1666,145,155,93.5,135,154,87.7,16,31,51.6,0,0.2,0.1,-0.2,4,24,3,2,18,Burnley
514,Aaron Ramsey,eng ENG,"MF,FW",21-064,5.9,118,151,78.1,1856,224,71,84,84.5,37,46,80.4,9,10,90.0,0,0.4,0.5,-0.4,1,7,2,0,8,Burnley
515,Hjalmar Ekdal,se SWE,DF,25-156,3.6,137,157,87.3,2441,686,46,50,92.0,82,90,91.1,7,12,58.3,0,0.1,0.0,-0.1,1,8,0,0,9,Burnley
516,Mike Trésor,be BEL,"FW,MF",24-302,4.5,117,174,67.2,1578,457,70,83,84.3,32,52,61.5,4,16,25.0,0,0.4,0.5,-0.4,7,5,2,0,10,Burnley
517,Anass Zaroury,ma MAR,"FW,MF",23-139,1.7,43,70,61.4,714,120,23,31,74.2,13,21,61.9,6,11,54.5,0,0.0,0.1,0.0,2,2,2,1,2,Burnley
518,Benson Manuel,be BEL,"MF,FW",26-363,1.0,40,49,81.6,561,97,25,25,100.0,12,16,75.0,2,3,66.7,0,0.0,0.2,0.0,1,0,2,2,0,Burnley
519,Arijanet Muric,xk KVX,GK,25-139,1.0,26,39,66.7,932,688,4,4,100.0,7,8,87.5,15,25,60.0,0,0.0,0.0,0.0,0,2,0,0,1,Burnley
520,Nathan Redmond,eng ENG,"FW,MF",30-019,1.6,48,73,65.8,723,137,30,36,83.3,11,19,57.9,4,9,44.4,0,0.3,0.4,-0.3,3,3,4,1,8,Burnley
521,Michael Obafemi,ie IRL,"FW,MF",23-263,0.2,4,5,80.0,55,2,3,3,100.0,1,1,100.0,0,0,,0,0.0,0.0,0.0,0,0,0,0,0,Burnley
522,Jack Cork,eng ENG,MF,34-274,0.2,16,24,66.7,252,39,6,9,66.7,8,8,100.0,1,3,33.3,0,0.0,0.0,0.0,0,3,0,0,2,Burnley
523,Han-Noah Massengo,fr FRA,"MF,DF",22-262,0.2,6,12,50.0,74,42,5,7,71.4,1,4,25.0,0,0,,0,0.0,0.0,0.0,0,1,0,0,0,Burnley
524,Jack Robinson,eng ENG,DF,30-206,25.8,713,987,72.2,13783,5993,255,290,87.9,359,437,82.2,88,221,39.8,1,1.0,0.7,0.0,9,43,4,2,41,Sheffield Utd
525,Vinicius Souza,br BRA,MF,24-282,24.1,649,817,79.4,10484,2696,320,372,86.0,268,319,84.0,40,66,60.6,0,0.2,0.4,-0.2,3,54,4,1,53,Sheffield Utd
526,Wes Foderingham,eng ENG,GK,33-071,24.4,485,873,55.6,16052,12848,84,85,98.8,193,203,95.1,208,575,36.2,0,0.0,0.1,0.0,0,17,2,0,0,Sheffield Utd
527,Gustavo Hamer,nl NED,MF,26-275,22.9,547,798,68.5,9064,3408,273,329,83.0,188,243,77.4,58,164,35.4,3,3.1,2.7,-0.1,44,61,21,4,87,Sheffield Utd
528,Jayden Bogle,eng ENG,DF,23-242,21.3,460,675,68.1,6849,2482,278,328,84.8,142,206,68.9,30,87,34.5,0,0.8,0.8,-0.8,8,26,14,5,35,Sheffield Utd
529,Anel Ahmedhodžić,ba BIH,DF,24-365,20.4,538,714,75.4,8832,3369,259,298,86.9,234,288,81.3,34,93,36.6,0,0.0,0.1,0.0,1,28,1,0,29,Sheffield Utd
530,Auston Trusty,us USA,DF,25-226,19.7,437,598,73.1,7623,2859,186,216,86.1,211,278,75.9,32,74,43.2,0,0.5,0.3,-0.5,4,16,2,1,27,Sheffield Utd
531,James Mcatee,eng ENG,"MF,FW",21-159,17.4,294,433,67.9,4222,1133,179,223,80.3,85,130,65.4,18,43,41.9,2,1.9,1.3,0.1,20,26,23,1,46,Sheffield Utd
532,Cameron Archer,eng ENG,"FW,MF",22-248,16.1,218,271,80.4,2637,387,145,171,84.8,49,53,92.5,4,8,50.0,0,1.7,0.8,-1.7,17,8,6,1,12,Sheffield Utd
533,Oliver Norwood,nir NIR,MF,32-348,15.6,605,871,69.5,11697,4485,237,285,83.2,246,303,81.2,101,242,41.7,0,0.6,1.2,-0.6,15,63,11,2,69,Sheffield Utd
534,George Baldock,gr GRE,DF,31-016,10.8,291,397,73.3,4602,1810,169,191,88.5,100,124,80.6,18,52,34.6,1,0.8,0.6,0.2,7,18,11,4,31,Sheffield Utd
535,Luke Thomas,eng ENG,DF,22-289,10.2,234,319,73.4,3866,1408,115,133,86.5,96,121,79.3,19,44,43.2,0,0.1,0.2,-0.1,2,23,5,2,33,Sheffield Utd
536,Oliver McBurnie,sct SCO,FW,27-295,10.1,187,302,61.9,2206,577,130,193,67.4,42,66,63.6,2,5,40.0,2,1.1,1.2,0.9,9,23,3,1,25,Sheffield Utd
537,William Osula,dk DEN,FW,20-234,8.1,40,84,47.6,472,83,27,50,54.0,5,17,29.4,2,5,40.0,0,0.1,0.1,-0.1,1,3,2,1,2,Sheffield Utd
538,Andre Brooks,eng ENG,"MF,DF",20-218,7.2,119,163,73.0,1772,400,71,85,83.5,42,56,75.0,5,11,45.5,0,0.1,0.2,-0.1,2,8,4,0,12,Sheffield Utd
539,Ben Osborn,eng ENG,"DF,MF",29-233,7.8,203,279,72.8,3206,1206,111,129,86.0,64,88,72.7,18,41,43.9,1,0.3,0.4,0.7,7,14,7,5,29,Sheffield Utd
540,John Egan,ie IRL,DF,31-157,5.4,128,185,69.2,2449,988,38,49,77.6,79,92,85.9,9,38,23.7,0,0.0,0.0,0.0,0,5,1,0,5,Sheffield Utd
541,Yasser Larouci,dz ALG,DF,23-084,4.7,104,143,72.7,1578,597,57,65,87.7,38,47,80.9,5,13,38.5,0,0.3,0.0,-0.3,1,10,0,0,12,Sheffield Utd
542,Anis Ben Slimane,tn TUN,MF,23-009,4.1,74,116,63.8,1075,317,39,58,67.2,27,35,77.1,4,5,80.0,0,0.3,0.1,-0.3,3,5,2,0,9,Sheffield Utd
543,Ivo Grbić,hr CRO,GK,28-067,3.6,65,129,50.4,2395,1963,9,9,100.0,22,26,84.6,33,92,35.9,0,0.0,0.0,0.0,0,0,0,0,0,Sheffield Utd
544,Ben Brereton,cl CHI,"MF,FW",24-342,2.8,41,60,68.3,543,162,30,36,83.3,10,14,71.4,1,4,25.0,0,0.0,0.1,0.0,1,5,4,0,8,Sheffield Utd
545,Max Lowe,eng ENG,"DF,MF",26-319,4.4,62,96,64.6,945,389,39,51,76.5,17,31,54.8,6,10,60.0,0,0.7,0.1,-0.7,2,6,2,0,9,Sheffield Utd
546,Bénie Adama Traore,ci CIV,"FW,MF",21-116,4.3,55,71,77.5,775,185,34,38,89.5,19,23,82.6,1,1,100.0,0,0.5,0.5,-0.5,4,2,7,1,9,Sheffield Utd
547,Chris Basham,eng ENG,"DF,MF",35-249,3.6,103,138,74.6,1506,484,62,70,88.6,31,45,68.9,6,14,42.9,0,0.3,0.1,-0.3,2,7,2,0,7,Sheffield Utd
548,Rhian Brewster,eng ENG,"FW,MF",23-359,3.4,43,63,68.3,555,144,29,34,85.3,9,21,42.9,2,2,100.0,0,0.1,0.1,-0.1,2,6,1,0,2,Sheffield Utd
549,Mason Holgate,eng ENG,DF,27-155,2.1,40,68,58.8,802,367,17,25,68.0,14,23,60.9,8,18,44.4,0,0.0,0.0,0.0,0,9,0,0,4,Sheffield Utd
550,Tom Davies,eng ENG,MF,25-269,2.5,68,99,68.7,901,310,41,50,82.0,20,27,74.1,2,7,28.6,0,0.1,0.2,-0.1,1,6,1,0,8,Sheffield Utd
551,Rhys Norrington-Davies,wls WAL,DF,24-338,1.2,48,67,71.6,811,222,23,25,92.0,23,31,74.2,2,7,28.6,0,0.0,0.0,0.0,1,1,0,0,2,Sheffield Utd
552,Oliver Arblaster,eng ENG,MF,19-325,1.2,30,35,85.7,455,141,19,20,95.0,9,9,100.0,2,3,66.7,0,0.0,0.0,0.0,1,2,0,0,4,Sheffield Utd
553,John Fleck,sct SCO,"MF,DF",32-214,1.0,29,40,72.5,408,88,21,27,77.8,7,9,77.8,1,2,50.0,0,0.4,0.3,-0.4,2,1,1,0,3,Sheffield Utd
554,Antwoine Hackford,eng ENG,FW,20-005,0.1,2,2,100.0,14,0,2,2,100.0,0,0,,0,0,,0,0.0,0.0,0.0,0,0,0,0,0,Sheffield Utd
555,Sydie Peck,eng ENG,MF,19-194,0.1,1,1,100.0,10,0,1,1,100.0,0,0,,0,0,,0,0.0,0.0,0.0,0,0,0,0,0,Sheffield Utd
556,Ryan One,sct SCO,FW,17-273,0.1,1,1,100.0,7,0,1,1,100.0,0,0,,0,0,,0,0.0,0.0,0.0,0,0,0,0,0,Sheffield Utd
